/*
 Navicat Premium Data Transfer

 Source Server         : mysql80
 Source Server Type    : MySQL
 Source Server Version : 80031 (8.0.31)
 Source Host           : localhost:13306
 Source Schema         : ccms

 Target Server Type    : MySQL
 Target Server Version : 80031 (8.0.31)
 File Encoding         : 65001

 Date: 12/05/2023 13:20:05
*/

SET NAMES utf8mb4;
SET FOREIGN_KEY_CHECKS = 0;

-- ----------------------------
-- Table structure for t_admin
-- ----------------------------
DROP TABLE IF EXISTS `t_admin`;
CREATE TABLE `t_admin`  (
  `id` int UNSIGNED NOT NULL AUTO_INCREMENT COMMENT 'PK',
  `name` varchar(255) CHARACTER SET utf8mb4 COLLATE utf8mb4_general_ci NOT NULL COMMENT '用户名',
  `password` varchar(255) CHARACTER SET utf8mb4 COLLATE utf8mb4_general_ci NOT NULL COMMENT '密码',
  `email` varchar(32) CHARACTER SET utf8mb4 COLLATE utf8mb4_general_ci NULL DEFAULT NULL COMMENT '邮件地址',
  `gitee_uid` varchar(10) CHARACTER SET utf8mb4 COLLATE utf8mb4_general_ci NULL DEFAULT NULL COMMENT 'gitee认证UID',
  `dingtalk_uid` varchar(32) CHARACTER SET utf8mb4 COLLATE utf8mb4_general_ci NULL DEFAULT NULL COMMENT '钉钉认证UID',
  PRIMARY KEY (`id`) USING BTREE,
  UNIQUE INDEX `t_admin_gitee_uid`(`gitee_uid` ASC) USING BTREE
) ENGINE = InnoDB AUTO_INCREMENT = 2 CHARACTER SET = utf8mb4 COLLATE = utf8mb4_general_ci COMMENT = '管理员表，存储管理员登陆信息' ROW_FORMAT = Dynamic;

-- ----------------------------
-- Records of t_admin
-- ----------------------------
INSERT INTO `t_admin` VALUES (1, 'admin', '1', '2099432021@qq.com', '6562299', 'VH7YIdCguTarxQ70SIeeGAiEiE');

-- ----------------------------
-- Table structure for t_area
-- ----------------------------
DROP TABLE IF EXISTS `t_area`;
CREATE TABLE `t_area`  (
  `id` int UNSIGNED NOT NULL AUTO_INCREMENT COMMENT 'PK',
  `name` varchar(255) CHARACTER SET utf8mb4 COLLATE utf8mb4_general_ci NOT NULL COMMENT '名称',
  `description` varchar(255) CHARACTER SET utf8mb4 COLLATE utf8mb4_general_ci NULL DEFAULT NULL COMMENT '描述',
  PRIMARY KEY (`id`) USING BTREE
) ENGINE = InnoDB AUTO_INCREMENT = 10 CHARACTER SET = utf8mb4 COLLATE = utf8mb4_general_ci COMMENT = '区域表，用于存储区域信息，是商户store的父层' ROW_FORMAT = Dynamic;

-- ----------------------------
-- Records of t_area
-- ----------------------------
INSERT INTO `t_area` VALUES (1, '一期', '一期区域');
INSERT INTO `t_area` VALUES (2, '二期', '二期区域');
INSERT INTO `t_area` VALUES (3, '三期', '三期区域');
INSERT INTO `t_area` VALUES (4, '西门商业街', '西门商业街区域');
INSERT INTO `t_area` VALUES (5, '测试A', '测试A');
INSERT INTO `t_area` VALUES (6, '测试B', '测试B');
INSERT INTO `t_area` VALUES (7, '测试C', '测试CC');
INSERT INTO `t_area` VALUES (8, '测试', '测试2');
INSERT INTO `t_area` VALUES (9, '2222', '2222');

-- ----------------------------
-- Table structure for t_card
-- ----------------------------
DROP TABLE IF EXISTS `t_card`;
CREATE TABLE `t_card`  (
  `user` char(10) CHARACTER SET utf8mb4 COLLATE utf8mb4_general_ci NOT NULL COMMENT 'PK; 学号; FK:t_student.id',
  `balance` int UNSIGNED NOT NULL DEFAULT 0 COMMENT '余额, 单位是分',
  `lock` tinyint UNSIGNED NOT NULL DEFAULT 0 COMMENT '卡状态: 正常/锁定 挂失',
  PRIMARY KEY (`user`) USING BTREE,
  UNIQUE INDEX `FK_student_REF_card`(`user` ASC) USING BTREE,
  CONSTRAINT `t_card_t_student_id_fk` FOREIGN KEY (`user`) REFERENCES `t_user` (`id`) ON DELETE CASCADE ON UPDATE CASCADE
) ENGINE = InnoDB CHARACTER SET = utf8mb4 COLLATE = utf8mb4_general_ci COMMENT = '一卡通表，外键关联 user 表' ROW_FORMAT = Dynamic;

-- ----------------------------
-- Records of t_card
-- ----------------------------
INSERT INTO `t_card` VALUES ('1', 290, 0);
INSERT INTO `t_card` VALUES ('1432101149', 9947999, 0);
INSERT INTO `t_card` VALUES ('1632101188', 0, 0);
INSERT INTO `t_card` VALUES ('1772101149', 0, 0);
INSERT INTO `t_card` VALUES ('1932101111', 9999999, 0);
INSERT INTO `t_card` VALUES ('1932101122', 9999999, 0);
INSERT INTO `t_card` VALUES ('1932101133', 10269999, 0);
INSERT INTO `t_card` VALUES ('1932101141', 9999999, 0);
INSERT INTO `t_card` VALUES ('1932101143', 9999999, 0);
INSERT INTO `t_card` VALUES ('1932101144', 9999999, 0);
INSERT INTO `t_card` VALUES ('1932101149', 979700, 0);
INSERT INTO `t_card` VALUES ('1932121149', 9999999, 0);
INSERT INTO `t_card` VALUES ('1932171149', 0, 0);
INSERT INTO `t_card` VALUES ('1932401149', 0, 0);
INSERT INTO `t_card` VALUES ('1933101149', 0, 0);
INSERT INTO `t_card` VALUES ('1936101149', 0, 0);

-- ----------------------------
-- Table structure for t_clazz
-- ----------------------------
DROP TABLE IF EXISTS `t_clazz`;
CREATE TABLE `t_clazz`  (
  `id` int UNSIGNED NOT NULL AUTO_INCREMENT COMMENT 'PK',
  `name` varchar(255) CHARACTER SET utf8mb4 COLLATE utf8mb4_general_ci NOT NULL COMMENT '名称',
  `specialty` int UNSIGNED NOT NULL COMMENT 'FK:所属专业ID',
  `grade` char(4) CHARACTER SET utf8mb4 COLLATE utf8mb4_general_ci NOT NULL COMMENT '年级(如2022级)',
  `description` varchar(255) CHARACTER SET utf8mb4 COLLATE utf8mb4_general_ci NULL DEFAULT NULL COMMENT '描述',
  PRIMARY KEY (`id`) USING BTREE,
  INDEX `clazz_REF_specialty`(`specialty` ASC) USING BTREE,
  CONSTRAINT `clazz_REF_specialty` FOREIGN KEY (`specialty`) REFERENCES `t_specialty` (`id`) ON DELETE RESTRICT ON UPDATE RESTRICT
) ENGINE = InnoDB AUTO_INCREMENT = 376 CHARACTER SET = utf8mb4 COLLATE = utf8mb4_general_ci COMMENT = '班级表' ROW_FORMAT = Dynamic;

-- ----------------------------
-- Records of t_clazz
-- ----------------------------
INSERT INTO `t_clazz` VALUES (1, '20计应1班', 1, '2020', '这是20计应1班哦~~');
INSERT INTO `t_clazz` VALUES (2, '20通信2班', 2, '2020', '这是20通信2班哦~~');
INSERT INTO `t_clazz` VALUES (3, '20计应2班', 1, '2020', '这是20计应2班哦~~');
INSERT INTO `t_clazz` VALUES (4, '20通信1班', 2, '2020', '这是20通信1班哦~~');
INSERT INTO `t_clazz` VALUES (5, '21软工1班', 3, '2021', '这是21软工1班哦~~');
INSERT INTO `t_clazz` VALUES (6, '21软工2班', 3, '2021', '这是21软工2班哦~~');
INSERT INTO `t_clazz` VALUES (7, '21无人驾驶1班', 4, '2021', '这是21无人驾驶1班哦~~');
INSERT INTO `t_clazz` VALUES (8, '21无人驾驶2班', 4, '2021', '这是21无人驾驶2班哦~~');
INSERT INTO `t_clazz` VALUES (135, '计算机应用技术2020 1班', 1, '2020', '这是计算机应用技术2020 1班哦~~');
INSERT INTO `t_clazz` VALUES (136, '通信工程2020 1班', 2, '2020', '这是通信工程2020 1班哦~~');
INSERT INTO `t_clazz` VALUES (137, '软件工程2020 1班', 3, '2020', '这是软件工程2020 1班哦~~');
INSERT INTO `t_clazz` VALUES (138, '无人驾驶技术2020 1班', 4, '2020', '这是无人驾驶技术2020 1班哦~~');
INSERT INTO `t_clazz` VALUES (139, '计算机科学与技术2020 1班', 5, '2020', '这是计算机科学与技术2020 1班哦~~');
INSERT INTO `t_clazz` VALUES (140, '网络工程2020 1班', 6, '2020', '这是网络工程2020 1班哦~~');
INSERT INTO `t_clazz` VALUES (141, '数字媒体技术2020 1班', 8, '2020', '这是数字媒体技术2020 1班哦~~');
INSERT INTO `t_clazz` VALUES (142, '数据科学与大数据技术2020 1班', 9, '2020', '这是数据科学与大数据技术2020 1班哦~~');
INSERT INTO `t_clazz` VALUES (143, '人工智能2020 1班', 10, '2020', '这是人工智能2020 1班哦~~');
INSERT INTO `t_clazz` VALUES (144, '电子通信工程2020 1班', 11, '2020', '这是电子通信工程2020 1班哦~~');
INSERT INTO `t_clazz` VALUES (145, '通信工程2020 1班', 12, '2020', '这是通信工程2020 1班哦~~');
INSERT INTO `t_clazz` VALUES (146, '物联网工程2020 1班', 13, '2020', '这是物联网工程2020 1班哦~~');
INSERT INTO `t_clazz` VALUES (147, '机械设计制造及其自动化2020 1班', 14, '2020', '这是机械设计制造及其自动化2020 1班哦~~');
INSERT INTO `t_clazz` VALUES (148, '自动化2020 1班', 15, '2020', '这是自动化2020 1班哦~~');
INSERT INTO `t_clazz` VALUES (149, '电气工程及其自动化2020 1班', 16, '2020', '这是电气工程及其自动化2020 1班哦~~');
INSERT INTO `t_clazz` VALUES (150, '机器人工程2020 1班', 17, '2020', '这是机器人工程2020 1班哦~~');
INSERT INTO `t_clazz` VALUES (151, '土木工程2020 1班', 18, '2020', '这是土木工程2020 1班哦~~');
INSERT INTO `t_clazz` VALUES (152, '安全工程2020 1班', 19, '2020', '这是安全工程2020 1班哦~~');
INSERT INTO `t_clazz` VALUES (153, '工程管理2020 1班', 20, '2020', '这是工程管理2020 1班哦~~');
INSERT INTO `t_clazz` VALUES (154, '建筑学2020 1班', 21, '2020', '这是建筑学2020 1班哦~~');
INSERT INTO `t_clazz` VALUES (155, '风景园林2020 1班', 22, '2020', '这是风景园林2020 1班哦~~');
INSERT INTO `t_clazz` VALUES (156, '测绘工程2020 1班', 23, '2020', '这是测绘工程2020 1班哦~~');
INSERT INTO `t_clazz` VALUES (157, '药学2020 1班', 24, '2020', '这是药学2020 1班哦~~');
INSERT INTO `t_clazz` VALUES (158, '制药工程2020 1班', 25, '2020', '这是制药工程2020 1班哦~~');
INSERT INTO `t_clazz` VALUES (159, '药物制剂2020 1班', 26, '2020', '这是药物制剂2020 1班哦~~');
INSERT INTO `t_clazz` VALUES (160, '健康服务与管理2020 1班', 27, '2020', '这是健康服务与管理2020 1班哦~~');
INSERT INTO `t_clazz` VALUES (161, '财务管理2020 1班', 28, '2020', '这是财务管理2020 1班哦~~');
INSERT INTO `t_clazz` VALUES (162, '会计学2020 1班', 29, '2020', '这是会计学2020 1班哦~~');
INSERT INTO `t_clazz` VALUES (163, '经济与金融2020 1班', 30, '2020', '这是经济与金融2020 1班哦~~');
INSERT INTO `t_clazz` VALUES (164, '审计学2020 1班', 31, '2020', '这是审计学2020 1班哦~~');
INSERT INTO `t_clazz` VALUES (165, '金融科技2020 1班', 32, '2020', '这是金融科技2020 1班哦~~');
INSERT INTO `t_clazz` VALUES (166, '国际经济与贸易2020 1班', 33, '2020', '这是国际经济与贸易2020 1班哦~~');
INSERT INTO `t_clazz` VALUES (167, '人力资源管理2020 1班', 34, '2020', '这是人力资源管理2020 1班哦~~');
INSERT INTO `t_clazz` VALUES (168, '物流管理2020 1班', 35, '2020', '这是物流管理2020 1班哦~~');
INSERT INTO `t_clazz` VALUES (169, '电子商务2020 1班', 36, '2020', '这是电子商务2020 1班哦~~');
INSERT INTO `t_clazz` VALUES (170, '大数据管理与应用2020 1班', 37, '2020', '这是大数据管理与应用2020 1班哦~~');
INSERT INTO `t_clazz` VALUES (171, '数字经济2020 1班', 38, '2020', '这是数字经济2020 1班哦~~');
INSERT INTO `t_clazz` VALUES (172, '视觉传达设计2020 1班', 39, '2020', '这是视觉传达设计2020 1班哦~~');
INSERT INTO `t_clazz` VALUES (173, '环境设计2020 1班', 40, '2020', '这是环境设计2020 1班哦~~');
INSERT INTO `t_clazz` VALUES (174, '动画2020 1班', 41, '2020', '这是动画2020 1班哦~~');
INSERT INTO `t_clazz` VALUES (175, '美术学2020 1班', 42, '2020', '这是美术学2020 1班哦~~');
INSERT INTO `t_clazz` VALUES (176, '汉语言文学2020 1班', 43, '2020', '这是汉语言文学2020 1班哦~~');
INSERT INTO `t_clazz` VALUES (177, '新闻学2020 1班', 44, '2020', '这是新闻学2020 1班哦~~');
INSERT INTO `t_clazz` VALUES (178, '广告学2020 1班', 45, '2020', '这是广告学2020 1班哦~~');
INSERT INTO `t_clazz` VALUES (179, '广播电视编导2020 1班', 46, '2020', '这是广播电视编导2020 1班哦~~');
INSERT INTO `t_clazz` VALUES (180, '表演2020 1班', 47, '2020', '这是表演2020 1班哦~~');
INSERT INTO `t_clazz` VALUES (181, '学前教育2020 1班', 48, '2020', '这是学前教育2020 1班哦~~');
INSERT INTO `t_clazz` VALUES (182, '小学教育2020 1班', 49, '2020', '这是小学教育2020 1班哦~~');
INSERT INTO `t_clazz` VALUES (183, '英语2020 1班', 50, '2020', '这是英语2020 1班哦~~');
INSERT INTO `t_clazz` VALUES (184, '商务英语2020 1班', 51, '2020', '这是商务英语2020 1班哦~~');
INSERT INTO `t_clazz` VALUES (185, '日语2020 1班', 52, '2020', '这是日语2020 1班哦~~');
INSERT INTO `t_clazz` VALUES (198, '计算机应用技术2020 2班', 1, '2020', '这是计算机应用技术2020 2班哦~~');
INSERT INTO `t_clazz` VALUES (199, '通信工程2020 2班', 2, '2020', '这是通信工程2020 2班哦~~');
INSERT INTO `t_clazz` VALUES (200, '软件工程2020 2班', 3, '2020', '这是软件工程2020 2班哦~~');
INSERT INTO `t_clazz` VALUES (201, '无人驾驶技术2020 2班', 4, '2020', '这是无人驾驶技术2020 2班哦~~');
INSERT INTO `t_clazz` VALUES (202, '计算机科学与技术2020 2班', 5, '2020', '这是计算机科学与技术2020 2班哦~~');
INSERT INTO `t_clazz` VALUES (203, '网络工程2020 2班', 6, '2020', '这是网络工程2020 2班哦~~');
INSERT INTO `t_clazz` VALUES (204, '数字媒体技术2020 2班', 8, '2020', '这是数字媒体技术2020 2班哦~~');
INSERT INTO `t_clazz` VALUES (205, '数据科学与大数据技术2020 2班', 9, '2020', '这是数据科学与大数据技术2020 2班哦~~');
INSERT INTO `t_clazz` VALUES (206, '人工智能2020 2班', 10, '2020', '这是人工智能2020 2班哦~~');
INSERT INTO `t_clazz` VALUES (207, '电子通信工程2020 2班', 11, '2020', '这是电子通信工程2020 2班哦~~');
INSERT INTO `t_clazz` VALUES (208, '通信工程2020 2班', 12, '2020', '这是通信工程2020 2班哦~~');
INSERT INTO `t_clazz` VALUES (209, '物联网工程2020 2班', 13, '2020', '这是物联网工程2020 2班哦~~');
INSERT INTO `t_clazz` VALUES (210, '机械设计制造及其自动化2020 2班', 14, '2020', '这是机械设计制造及其自动化2020 2班哦~~');
INSERT INTO `t_clazz` VALUES (211, '自动化2020 2班', 15, '2020', '这是自动化2020 2班哦~~');
INSERT INTO `t_clazz` VALUES (212, '电气工程及其自动化2020 2班', 16, '2020', '这是电气工程及其自动化2020 2班哦~~');
INSERT INTO `t_clazz` VALUES (213, '机器人工程2020 2班', 17, '2020', '这是机器人工程2020 2班哦~~');
INSERT INTO `t_clazz` VALUES (214, '土木工程2020 2班', 18, '2020', '这是土木工程2020 2班哦~~');
INSERT INTO `t_clazz` VALUES (215, '安全工程2020 2班', 19, '2020', '这是安全工程2020 2班哦~~');
INSERT INTO `t_clazz` VALUES (216, '工程管理2020 2班', 20, '2020', '这是工程管理2020 2班哦~~');
INSERT INTO `t_clazz` VALUES (217, '建筑学2020 2班', 21, '2020', '这是建筑学2020 2班哦~~');
INSERT INTO `t_clazz` VALUES (218, '风景园林2020 2班', 22, '2020', '这是风景园林2020 2班哦~~');
INSERT INTO `t_clazz` VALUES (219, '测绘工程2020 2班', 23, '2020', '这是测绘工程2020 2班哦~~');
INSERT INTO `t_clazz` VALUES (220, '药学2020 2班', 24, '2020', '这是药学2020 2班哦~~');
INSERT INTO `t_clazz` VALUES (221, '制药工程2020 2班', 25, '2020', '这是制药工程2020 2班哦~~');
INSERT INTO `t_clazz` VALUES (222, '药物制剂2020 2班', 26, '2020', '这是药物制剂2020 2班哦~~');
INSERT INTO `t_clazz` VALUES (223, '健康服务与管理2020 2班', 27, '2020', '这是健康服务与管理2020 2班哦~~');
INSERT INTO `t_clazz` VALUES (224, '财务管理2020 2班', 28, '2020', '这是财务管理2020 2班哦~~');
INSERT INTO `t_clazz` VALUES (225, '会计学2020 2班', 29, '2020', '这是会计学2020 2班哦~~');
INSERT INTO `t_clazz` VALUES (226, '经济与金融2020 2班', 30, '2020', '这是经济与金融2020 2班哦~~');
INSERT INTO `t_clazz` VALUES (227, '审计学2020 2班', 31, '2020', '这是审计学2020 2班哦~~');
INSERT INTO `t_clazz` VALUES (228, '金融科技2020 2班', 32, '2020', '这是金融科技2020 2班哦~~');
INSERT INTO `t_clazz` VALUES (229, '国际经济与贸易2020 2班', 33, '2020', '这是国际经济与贸易2020 2班哦~~');
INSERT INTO `t_clazz` VALUES (230, '人力资源管理2020 2班', 34, '2020', '这是人力资源管理2020 2班哦~~');
INSERT INTO `t_clazz` VALUES (231, '物流管理2020 2班', 35, '2020', '这是物流管理2020 2班哦~~');
INSERT INTO `t_clazz` VALUES (232, '电子商务2020 2班', 36, '2020', '这是电子商务2020 2班哦~~');
INSERT INTO `t_clazz` VALUES (233, '大数据管理与应用2020 2班', 37, '2020', '这是大数据管理与应用2020 2班哦~~');
INSERT INTO `t_clazz` VALUES (234, '数字经济2020 2班', 38, '2020', '这是数字经济2020 2班哦~~');
INSERT INTO `t_clazz` VALUES (235, '视觉传达设计2020 2班', 39, '2020', '这是视觉传达设计2020 2班哦~~');
INSERT INTO `t_clazz` VALUES (236, '环境设计2020 2班', 40, '2020', '这是环境设计2020 2班哦~~');
INSERT INTO `t_clazz` VALUES (237, '动画2020 2班', 41, '2020', '这是动画2020 2班哦~~');
INSERT INTO `t_clazz` VALUES (238, '美术学2020 2班', 42, '2020', '这是美术学2020 2班哦~~');
INSERT INTO `t_clazz` VALUES (239, '汉语言文学2020 2班', 43, '2020', '这是汉语言文学2020 2班哦~~');
INSERT INTO `t_clazz` VALUES (240, '新闻学2020 2班', 44, '2020', '这是新闻学2020 2班哦~~');
INSERT INTO `t_clazz` VALUES (241, '广告学2020 2班', 45, '2020', '这是广告学2020 2班哦~~');
INSERT INTO `t_clazz` VALUES (242, '广播电视编导2020 2班', 46, '2020', '这是广播电视编导2020 2班哦~~');
INSERT INTO `t_clazz` VALUES (243, '表演2020 2班', 47, '2020', '这是表演2020 2班哦~~');
INSERT INTO `t_clazz` VALUES (244, '学前教育2020 2班', 48, '2020', '这是学前教育2020 2班哦~~');
INSERT INTO `t_clazz` VALUES (245, '小学教育2020 2班', 49, '2020', '这是小学教育2020 2班哦~~');
INSERT INTO `t_clazz` VALUES (246, '英语2020 2班', 50, '2020', '这是英语2020 2班哦~~');
INSERT INTO `t_clazz` VALUES (247, '商务英语2020 2班', 51, '2020', '这是商务英语2020 2班哦~~');
INSERT INTO `t_clazz` VALUES (248, '日语2020 2班', 52, '2020', '这是日语2020 2班哦~~');
INSERT INTO `t_clazz` VALUES (261, '计算机应用技术2021 1班', 1, '2021', '这是计算机应用技术2021 1班哦~~');
INSERT INTO `t_clazz` VALUES (262, '通信工程2021 1班', 2, '2021', '这是通信工程2021 1班哦~~');
INSERT INTO `t_clazz` VALUES (263, '软件工程2021 1班', 3, '2021', '这是软件工程2021 1班哦~~');
INSERT INTO `t_clazz` VALUES (264, '无人驾驶技术2021 1班', 4, '2021', '这是无人驾驶技术2021 1班哦~~');
INSERT INTO `t_clazz` VALUES (265, '计算机科学与技术2021 1班', 5, '2021', '这是计算机科学与技术2021 1班哦~~');
INSERT INTO `t_clazz` VALUES (266, '网络工程2021 1班', 6, '2021', '这是网络工程2021 1班哦~~');
INSERT INTO `t_clazz` VALUES (267, '数字媒体技术2021 1班', 8, '2021', '这是数字媒体技术2021 1班哦~~');
INSERT INTO `t_clazz` VALUES (268, '数据科学与大数据技术2021 1班', 9, '2021', '这是数据科学与大数据技术2021 1班哦~~');
INSERT INTO `t_clazz` VALUES (269, '人工智能2021 1班', 10, '2021', '这是人工智能2021 1班哦~~');
INSERT INTO `t_clazz` VALUES (270, '电子通信工程2021 1班', 11, '2021', '这是电子通信工程2021 1班哦~~');
INSERT INTO `t_clazz` VALUES (271, '通信工程2021 1班', 12, '2021', '这是通信工程2021 1班哦~~');
INSERT INTO `t_clazz` VALUES (272, '物联网工程2021 1班', 13, '2021', '这是物联网工程2021 1班哦~~');
INSERT INTO `t_clazz` VALUES (273, '机械设计制造及其自动化2021 1班', 14, '2021', '这是机械设计制造及其自动化2021 1班哦~~');
INSERT INTO `t_clazz` VALUES (274, '自动化2021 1班', 15, '2021', '这是自动化2021 1班哦~~');
INSERT INTO `t_clazz` VALUES (275, '电气工程及其自动化2021 1班', 16, '2021', '这是电气工程及其自动化2021 1班哦~~');
INSERT INTO `t_clazz` VALUES (276, '机器人工程2021 1班', 17, '2021', '这是机器人工程2021 1班哦~~');
INSERT INTO `t_clazz` VALUES (277, '土木工程2021 1班', 18, '2021', '这是土木工程2021 1班哦~~');
INSERT INTO `t_clazz` VALUES (278, '安全工程2021 1班', 19, '2021', '这是安全工程2021 1班哦~~');
INSERT INTO `t_clazz` VALUES (279, '工程管理2021 1班', 20, '2021', '这是工程管理2021 1班哦~~');
INSERT INTO `t_clazz` VALUES (280, '建筑学2021 1班', 21, '2021', '这是建筑学2021 1班哦~~');
INSERT INTO `t_clazz` VALUES (281, '风景园林2021 1班', 22, '2021', '这是风景园林2021 1班哦~~');
INSERT INTO `t_clazz` VALUES (282, '测绘工程2021 1班', 23, '2021', '这是测绘工程2021 1班哦~~');
INSERT INTO `t_clazz` VALUES (283, '药学2021 1班', 24, '2021', '这是药学2021 1班哦~~');
INSERT INTO `t_clazz` VALUES (284, '制药工程2021 1班', 25, '2021', '这是制药工程2021 1班哦~~');
INSERT INTO `t_clazz` VALUES (285, '药物制剂2021 1班', 26, '2021', '这是药物制剂2021 1班哦~~');
INSERT INTO `t_clazz` VALUES (286, '健康服务与管理2021 1班', 27, '2021', '这是健康服务与管理2021 1班哦~~');
INSERT INTO `t_clazz` VALUES (287, '财务管理2021 1班', 28, '2021', '这是财务管理2021 1班哦~~');
INSERT INTO `t_clazz` VALUES (288, '会计学2021 1班', 29, '2021', '这是会计学2021 1班哦~~');
INSERT INTO `t_clazz` VALUES (289, '经济与金融2021 1班', 30, '2021', '这是经济与金融2021 1班哦~~');
INSERT INTO `t_clazz` VALUES (290, '审计学2021 1班', 31, '2021', '这是审计学2021 1班哦~~');
INSERT INTO `t_clazz` VALUES (291, '金融科技2021 1班', 32, '2021', '这是金融科技2021 1班哦~~');
INSERT INTO `t_clazz` VALUES (292, '国际经济与贸易2021 1班', 33, '2021', '这是国际经济与贸易2021 1班哦~~');
INSERT INTO `t_clazz` VALUES (293, '人力资源管理2021 1班', 34, '2021', '这是人力资源管理2021 1班哦~~');
INSERT INTO `t_clazz` VALUES (294, '物流管理2021 1班', 35, '2021', '这是物流管理2021 1班哦~~');
INSERT INTO `t_clazz` VALUES (295, '电子商务2021 1班', 36, '2021', '这是电子商务2021 1班哦~~');
INSERT INTO `t_clazz` VALUES (296, '大数据管理与应用2021 1班', 37, '2021', '这是大数据管理与应用2021 1班哦~~');
INSERT INTO `t_clazz` VALUES (297, '数字经济2021 1班', 38, '2021', '这是数字经济2021 1班哦~~');
INSERT INTO `t_clazz` VALUES (298, '视觉传达设计2021 1班', 39, '2021', '这是视觉传达设计2021 1班哦~~');
INSERT INTO `t_clazz` VALUES (299, '环境设计2021 1班', 40, '2021', '这是环境设计2021 1班哦~~');
INSERT INTO `t_clazz` VALUES (300, '动画2021 1班', 41, '2021', '这是动画2021 1班哦~~');
INSERT INTO `t_clazz` VALUES (301, '美术学2021 1班', 42, '2021', '这是美术学2021 1班哦~~');
INSERT INTO `t_clazz` VALUES (302, '汉语言文学2021 1班', 43, '2021', '这是汉语言文学2021 1班哦~~');
INSERT INTO `t_clazz` VALUES (303, '新闻学2021 1班', 44, '2021', '这是新闻学2021 1班哦~~');
INSERT INTO `t_clazz` VALUES (304, '广告学2021 1班', 45, '2021', '这是广告学2021 1班哦~~');
INSERT INTO `t_clazz` VALUES (305, '广播电视编导2021 1班', 46, '2021', '这是广播电视编导2021 1班哦~~');
INSERT INTO `t_clazz` VALUES (306, '表演2021 1班', 47, '2021', '这是表演2021 1班哦~~');
INSERT INTO `t_clazz` VALUES (307, '学前教育2021 1班', 48, '2021', '这是学前教育2021 1班哦~~');
INSERT INTO `t_clazz` VALUES (308, '小学教育2021 1班', 49, '2021', '这是小学教育2021 1班哦~~');
INSERT INTO `t_clazz` VALUES (309, '英语2021 1班', 50, '2021', '这是英语2021 1班哦~~');
INSERT INTO `t_clazz` VALUES (310, '商务英语2021 1班', 51, '2021', '这是商务英语2021 1班哦~~');
INSERT INTO `t_clazz` VALUES (311, '日语2021 1班', 52, '2021', '这是日语2021 1班哦~~');
INSERT INTO `t_clazz` VALUES (324, '计算机应用技术2021 2班', 1, '2021', '这是计算机应用技术2021 2班哦~~');
INSERT INTO `t_clazz` VALUES (325, '通信工程2021 2班', 2, '2021', '这是通信工程2021 2班哦~~');
INSERT INTO `t_clazz` VALUES (326, '软件工程2021 2班', 3, '2021', '这是软件工程2021 2班哦~~');
INSERT INTO `t_clazz` VALUES (327, '无人驾驶技术2021 2班', 4, '2021', '这是无人驾驶技术2021 2班哦~~');
INSERT INTO `t_clazz` VALUES (328, '计算机科学与技术2021 2班', 5, '2021', '这是计算机科学与技术2021 2班哦~~');
INSERT INTO `t_clazz` VALUES (329, '网络工程2021 2班', 6, '2021', '这是网络工程2021 2班哦~~');
INSERT INTO `t_clazz` VALUES (330, '数字媒体技术2021 2班', 8, '2021', '这是数字媒体技术2021 2班哦~~');
INSERT INTO `t_clazz` VALUES (331, '数据科学与大数据技术2021 2班', 9, '2021', '这是数据科学与大数据技术2021 2班哦~~');
INSERT INTO `t_clazz` VALUES (332, '人工智能2021 2班', 10, '2021', '这是人工智能2021 2班哦~~');
INSERT INTO `t_clazz` VALUES (333, '电子通信工程2021 2班', 11, '2021', '这是电子通信工程2021 2班哦~~');
INSERT INTO `t_clazz` VALUES (334, '通信工程2021 2班', 12, '2021', '这是通信工程2021 2班哦~~');
INSERT INTO `t_clazz` VALUES (335, '物联网工程2021 2班', 13, '2021', '这是物联网工程2021 2班哦~~');
INSERT INTO `t_clazz` VALUES (336, '机械设计制造及其自动化2021 2班', 14, '2021', '这是机械设计制造及其自动化2021 2班哦~~');
INSERT INTO `t_clazz` VALUES (337, '自动化2021 2班', 15, '2021', '这是自动化2021 2班哦~~');
INSERT INTO `t_clazz` VALUES (338, '电气工程及其自动化2021 2班', 16, '2021', '这是电气工程及其自动化2021 2班哦~~');
INSERT INTO `t_clazz` VALUES (339, '机器人工程2021 2班', 17, '2021', '这是机器人工程2021 2班哦~~');
INSERT INTO `t_clazz` VALUES (340, '土木工程2021 2班', 18, '2021', '这是土木工程2021 2班哦~~');
INSERT INTO `t_clazz` VALUES (341, '安全工程2021 2班', 19, '2021', '这是安全工程2021 2班哦~~');
INSERT INTO `t_clazz` VALUES (342, '工程管理2021 2班', 20, '2021', '这是工程管理2021 2班哦~~');
INSERT INTO `t_clazz` VALUES (343, '建筑学2021 2班', 21, '2021', '这是建筑学2021 2班哦~~');
INSERT INTO `t_clazz` VALUES (344, '风景园林2021 2班', 22, '2021', '这是风景园林2021 2班哦~~');
INSERT INTO `t_clazz` VALUES (345, '测绘工程2021 2班', 23, '2021', '这是测绘工程2021 2班哦~~');
INSERT INTO `t_clazz` VALUES (346, '药学2021 2班', 24, '2021', '这是药学2021 2班哦~~');
INSERT INTO `t_clazz` VALUES (347, '制药工程2021 2班', 25, '2021', '这是制药工程2021 2班哦~~');
INSERT INTO `t_clazz` VALUES (348, '药物制剂2021 2班', 26, '2021', '这是药物制剂2021 2班哦~~');
INSERT INTO `t_clazz` VALUES (349, '健康服务与管理2021 2班', 27, '2021', '这是健康服务与管理2021 2班哦~~');
INSERT INTO `t_clazz` VALUES (350, '财务管理2021 2班', 28, '2021', '这是财务管理2021 2班哦~~');
INSERT INTO `t_clazz` VALUES (351, '会计学2021 2班', 29, '2021', '这是会计学2021 2班哦~~');
INSERT INTO `t_clazz` VALUES (352, '经济与金融2021 2班', 30, '2021', '这是经济与金融2021 2班哦~~');
INSERT INTO `t_clazz` VALUES (353, '审计学2021 2班', 31, '2021', '这是审计学2021 2班哦~~');
INSERT INTO `t_clazz` VALUES (354, '金融科技2021 2班', 32, '2021', '这是金融科技2021 2班哦~~');
INSERT INTO `t_clazz` VALUES (355, '国际经济与贸易2021 2班', 33, '2021', '这是国际经济与贸易2021 2班哦~~');
INSERT INTO `t_clazz` VALUES (356, '人力资源管理2021 2班', 34, '2021', '这是人力资源管理2021 2班哦~~');
INSERT INTO `t_clazz` VALUES (357, '物流管理2021 2班', 35, '2021', '这是物流管理2021 2班哦~~');
INSERT INTO `t_clazz` VALUES (358, '电子商务2021 2班', 36, '2021', '这是电子商务2021 2班哦~~');
INSERT INTO `t_clazz` VALUES (359, '大数据管理与应用2021 2班', 37, '2021', '这是大数据管理与应用2021 2班哦~~');
INSERT INTO `t_clazz` VALUES (360, '数字经济2021 2班', 38, '2021', '这是数字经济2021 2班哦~~');
INSERT INTO `t_clazz` VALUES (361, '视觉传达设计2021 2班', 39, '2021', '这是视觉传达设计2021 2班哦~~');
INSERT INTO `t_clazz` VALUES (362, '环境设计2021 2班', 40, '2021', '这是环境设计2021 2班哦~~');
INSERT INTO `t_clazz` VALUES (363, '动画2021 2班', 41, '2021', '这是动画2021 2班哦~~');
INSERT INTO `t_clazz` VALUES (364, '美术学2021 2班', 42, '2021', '这是美术学2021 2班哦~~');
INSERT INTO `t_clazz` VALUES (365, '汉语言文学2021 2班', 43, '2021', '这是汉语言文学2021 2班哦~~');
INSERT INTO `t_clazz` VALUES (366, '新闻学2021 2班', 44, '2021', '这是新闻学2021 2班哦~~');
INSERT INTO `t_clazz` VALUES (367, '广告学2021 2班', 45, '2021', '这是广告学2021 2班哦~~');
INSERT INTO `t_clazz` VALUES (368, '广播电视编导2021 2班', 46, '2021', '这是广播电视编导2021 2班哦~~');
INSERT INTO `t_clazz` VALUES (369, '表演2021 2班', 47, '2021', '这是表演2021 2班哦~~');
INSERT INTO `t_clazz` VALUES (370, '学前教育2021 2班', 48, '2021', '这是学前教育2021 2班哦~~');
INSERT INTO `t_clazz` VALUES (371, '小学教育2021 2班', 49, '2021', '这是小学教育2021 2班哦~~');
INSERT INTO `t_clazz` VALUES (372, '英语2021 2班', 50, '2021', '这是英语2021 2班哦~~');
INSERT INTO `t_clazz` VALUES (373, '商务英语2021 2班', 51, '2021', '这是商务英语2021 2班哦~~');
INSERT INTO `t_clazz` VALUES (374, '日语2021 2班', 52, '2021', '这是日语2021 2班哦~~');
INSERT INTO `t_clazz` VALUES (375, '芒果小1洛2', 52, '111', '这是芒果小1洛2哦~~');

-- ----------------------------
-- Table structure for t_consume
-- ----------------------------
DROP TABLE IF EXISTS `t_consume`;
CREATE TABLE `t_consume`  (
  `id` int UNSIGNED NOT NULL AUTO_INCREMENT COMMENT 'PK',
  `createTime` datetime NOT NULL COMMENT '日期时间',
  `price` mediumint UNSIGNED NOT NULL COMMENT '消费金额',
  `user` char(10) CHARACTER SET utf8mb4 COLLATE utf8mb4_general_ci NOT NULL COMMENT '用户ID',
  `type` enum('WATER','ELECTRIC','MEAL_EXPENSE','RECHARGE','REFUND','PAYMENT','OTHER') CHARACTER SET utf8mb4 COLLATE utf8mb4_general_ci NOT NULL COMMENT '消费类型\n\r\n水费 WATER,\r\n电费  ELECTRIC,\r\n餐费 MEAL_EXPENSE,\r\n缴费 PAYMENT,\r\n充值 RECHARGE,\r\n退款 REFUND,\r\n其他 OTHER',
  `info` varchar(255) CHARACTER SET utf8mb4 COLLATE utf8mb4_general_ci NULL DEFAULT NULL COMMENT '消费信息',
  `pos` int UNSIGNED NULL DEFAULT NULL COMMENT '刷卡机ID',
  PRIMARY KEY (`id`) USING BTREE
) ENGINE = InnoDB AUTO_INCREMENT = 114 CHARACTER SET = utf8mb4 COLLATE = utf8mb4_general_ci COMMENT = '消费表' ROW_FORMAT = Dynamic;

-- ----------------------------
-- Records of t_consume
-- ----------------------------
INSERT INTO `t_consume` VALUES (1, '2023-02-23 18:39:15', 100, '1932101141', 'MEAL_EXPENSE', '测试', 1);
INSERT INTO `t_consume` VALUES (2, '2022-02-05 18:39:15', 1000, '1932101144', 'PAYMENT', '测试', 2);
INSERT INTO `t_consume` VALUES (3, '2023-02-23 18:39:15', 300, '1932101144', 'MEAL_EXPENSE', '韭菜绿豆芽3;', 3);
INSERT INTO `t_consume` VALUES (4, '2023-02-23 18:39:15', 700, '1932101144', 'MEAL_EXPENSE', '韭菜绿豆芽3;西红柿炒鸡蛋4;', 4);
INSERT INTO `t_consume` VALUES (5, '2023-02-27 18:39:15', 1100, '1932101144', 'MEAL_EXPENSE', '米饭1;三杯鸡11;带鱼10;排骨年糕12;米花鸡10;酱鸭腿6;西兰花6;热狗炒蛋7;小炒冬瓜5;南瓜丝6;脆皮豆腐6;千页豆腐7;三合小炒6;芹菜炒腊肠10;酸辣土豆丝3;干锅平包菜4;', 1);
INSERT INTO `t_consume` VALUES (6, '2023-02-27 18:39:15', 4000, '1932101144', 'MEAL_EXPENSE', '三杯鸡11;脆皮豆腐6;千页豆腐7;三合小炒6;芹菜炒腊肠10;', 2);
INSERT INTO `t_consume` VALUES (7, '2023-02-27 18:39:15', 2800, '1932101144', 'MEAL_EXPENSE', '排骨年糕12;米花鸡10;三合小炒6;', 3);
INSERT INTO `t_consume` VALUES (8, '2023-02-28 18:39:15', 1000, '1932101144', 'MEAL_EXPENSE', '芹菜炒腊肠10;', 4);
INSERT INTO `t_consume` VALUES (9, '2023-02-28 18:39:15', 300, '1932101144', 'MEAL_EXPENSE', '酸辣土豆丝3;', 1);
INSERT INTO `t_consume` VALUES (10, '2023-02-28 18:39:15', 400, '1932101144', 'MEAL_EXPENSE', '西红柿炒鸡蛋4;', 2);
INSERT INTO `t_consume` VALUES (11, '2023-02-24 18:39:15', 100, '1932101144', 'MEAL_EXPENSE', '米饭1;', 3);
INSERT INTO `t_consume` VALUES (12, '2023-02-24 18:39:15', 400, '1932101144', 'MEAL_EXPENSE', '西红柿炒鸡蛋4;', 4);
INSERT INTO `t_consume` VALUES (13, '2023-02-24 18:39:15', 400, '1932101149', 'MEAL_EXPENSE', '西红柿炒鸡蛋4;', 1);
INSERT INTO `t_consume` VALUES (14, '2023-02-24 18:39:15', 700, '1932101149', 'MEAL_EXPENSE', '米饭1;三杯鸡11;带鱼10;排骨年糕12;米花鸡10;酱鸭腿6;西兰花6;热狗炒蛋7;小炒冬瓜5;南瓜丝6;脆皮豆腐6;千页豆腐7;三合小炒6;芹菜炒腊肠10;酸辣土豆丝3;干锅平包菜4;', 2);
INSERT INTO `t_consume` VALUES (15, '2023-02-24 18:39:15', 400, '1932101149', 'MEAL_EXPENSE', '西红柿炒鸡蛋4;', 3);
INSERT INTO `t_consume` VALUES (16, '2023-02-24 18:39:15', 400, '1932101149', 'MEAL_EXPENSE', '西红柿炒鸡蛋4;', 4);
INSERT INTO `t_consume` VALUES (17, '2023-02-28 18:39:15', 300, '1932101149', 'MEAL_EXPENSE', '酸辣土豆丝3;', 1);
INSERT INTO `t_consume` VALUES (18, '2023-02-28 18:39:15', 1000, '1932101149', 'MEAL_EXPENSE', '芹菜炒腊肠10;', 2);
INSERT INTO `t_consume` VALUES (19, '2023-02-28 18:39:15', 300, '1932101149', 'MEAL_EXPENSE', '韭菜绿豆芽3;', 3);
INSERT INTO `t_consume` VALUES (20, '2023-02-28 18:39:15', 1000, '1932101149', 'MEAL_EXPENSE', '测试', 4);
INSERT INTO `t_consume` VALUES (22, '2023-02-25 18:39:15', 1700, '1932101149', 'MEAL_EXPENSE', '三杯鸡11;脆皮豆腐6;', 1);
INSERT INTO `t_consume` VALUES (28, '2023-02-04 18:39:15', 2000, '1932101149', 'RECHARGE', '充值', 5);
INSERT INTO `t_consume` VALUES (29, '2023-02-04 18:39:15', 700, '1932101149', 'RECHARGE', '充值', 6);
INSERT INTO `t_consume` VALUES (30, '2023-02-04 18:39:15', 1000, '1932101149', 'RECHARGE', '充值', 5);
INSERT INTO `t_consume` VALUES (31, '2023-02-04 18:39:15', 1000, '1932101149', 'RECHARGE', '充值', 6);
INSERT INTO `t_consume` VALUES (32, '2023-02-04 18:39:15', 1010, '1932101149', 'RECHARGE', '充值', 5);
INSERT INTO `t_consume` VALUES (33, '2023-02-04 18:39:15', 1000, '1932101149', 'RECHARGE', '充值', 6);
INSERT INTO `t_consume` VALUES (34, '2023-02-04 18:39:15', 1020, '1932101149', 'RECHARGE', '充值', 5);
INSERT INTO `t_consume` VALUES (35, '2023-02-04 18:39:15', 1000, '1932101149', 'RECHARGE', '充值', 6);
INSERT INTO `t_consume` VALUES (36, '2023-02-25 18:39:15', 1000, '1932101149', 'WATER', '水费', 2);
INSERT INTO `t_consume` VALUES (37, '2023-02-25 18:39:15', 1000, '1932101149', 'WATER', '水费', 3);
INSERT INTO `t_consume` VALUES (38, '2023-02-25 18:39:15', 1000, '1932101149', 'ELECTRIC', '电费', 4);
INSERT INTO `t_consume` VALUES (39, '2023-02-25 18:39:15', 1000, '1932101149', 'ELECTRIC', '电费', 1);
INSERT INTO `t_consume` VALUES (40, '2023-02-04 18:39:15', 1000, '1932101149', 'PAYMENT', '住宿费', 2);
INSERT INTO `t_consume` VALUES (41, '2023-02-04 18:39:15', 1000, '1932101149', 'PAYMENT', '住宿费', 3);
INSERT INTO `t_consume` VALUES (44, '2023-02-04 18:39:15', 1000, '1932101149', 'MEAL_EXPENSE', '吃饭', 5);
INSERT INTO `t_consume` VALUES (45, '2023-02-25 18:39:15', 2300, '1932101141', 'WATER', '千页豆腐7;三合小炒6;芹菜炒腊肠10;', 1);
INSERT INTO `t_consume` VALUES (46, '2023-02-28 18:39:15', 1600, '1932101149', 'WATER', '带鱼10;西兰花6;', 2);
INSERT INTO `t_consume` VALUES (47, '2023-02-28 18:39:15', 1000, '1932101149', 'WATER', '芹菜炒腊肠10;', 3);
INSERT INTO `t_consume` VALUES (48, '2023-02-28 18:39:15', 400, '1932101149', 'WATER', '西红柿炒鸡蛋4;', 4);
INSERT INTO `t_consume` VALUES (49, '2023-02-28 18:39:15', 1300, '1932101149', 'WATER', '芹菜炒腊肠10;韭菜绿豆芽3;', 1);
INSERT INTO `t_consume` VALUES (50, '2022-02-21 14:46:36', 10000, '1932101122', 'RECHARGE', '充值', 5);
INSERT INTO `t_consume` VALUES (51, '2023-02-26 18:39:15', 5000, '1932101141', 'MEAL_EXPENSE', '测试', 1);
INSERT INTO `t_consume` VALUES (52, '2023-02-26 18:39:15', 700, '1932101149', 'WATER', '米饭1;南瓜丝6;', 4);
INSERT INTO `t_consume` VALUES (53, '2023-02-26 18:39:15', 1000, '1932101149', 'WATER', '芹菜炒腊肠10;', 4);
INSERT INTO `t_consume` VALUES (54, '2023-02-26 18:39:15', 100, '1932101149', 'WATER', '米饭1;', 4);
INSERT INTO `t_consume` VALUES (55, '2023-02-26 18:39:15', 290000, '1', 'REFUND', '2022-2023学年第二学期住宿费', NULL);
INSERT INTO `t_consume` VALUES (56, '2023-02-26 18:39:15', 290000, '1432101149', 'REFUND', '2022-2023学年第二学期住宿费', NULL);
INSERT INTO `t_consume` VALUES (57, '2023-02-26 18:39:15', 290000, '1432101149', 'REFUND', '2022-2023学年第二学期住宿费', NULL);
INSERT INTO `t_consume` VALUES (58, '2023-02-26 18:39:15', 290000, '1932101111', 'REFUND', '2022-2023学年第二学期住宿费', NULL);
INSERT INTO `t_consume` VALUES (59, '2023-02-26 18:39:15', 290000, '1932101141', 'REFUND', '2022-2023学年第二学期住宿费', NULL);
INSERT INTO `t_consume` VALUES (60, '2023-02-26 18:39:15', 290000, '1932101122', 'REFUND', '2022-2023学年第二学期住宿费', NULL);
INSERT INTO `t_consume` VALUES (61, '2023-02-27 18:39:15', 290000, '1932101122', 'REFUND', '2022-2023学年第二学期住宿费', NULL);
INSERT INTO `t_consume` VALUES (62, '2023-02-27 18:39:15', 290000, '1932101122', 'REFUND', '2022-2023学年第二学期住宿费', NULL);
INSERT INTO `t_consume` VALUES (63, '2023-02-27 18:39:15', 290000, '1932101122', 'REFUND', '2022-2023学年第二学期住宿费', NULL);
INSERT INTO `t_consume` VALUES (64, '2023-02-27 18:39:15', 290000, '1932101122', 'REFUND', '2022-2023学年第二学期住宿费', NULL);
INSERT INTO `t_consume` VALUES (65, '2023-02-19 19:38:32', 290000, '1932101122', 'PAYMENT', '2022-2023学年第二学期住宿费', NULL);
INSERT INTO `t_consume` VALUES (66, '2023-02-27 18:39:15', 290000, '1932101122', 'REFUND', '2022-2023学年第二学期住宿费', NULL);
INSERT INTO `t_consume` VALUES (67, '2023-02-19 19:45:31', 290000, '1932101122', 'PAYMENT', '2022-2023学年第二学期住宿费', NULL);
INSERT INTO `t_consume` VALUES (68, '2023-02-27 18:39:15', 290000, '1932101122', 'REFUND', '2022-2023学年第二学期住宿费', NULL);
INSERT INTO `t_consume` VALUES (69, '2023-02-19 19:54:39', 290000, '1932101122', 'PAYMENT', '2022-2023学年第二学期住宿费', NULL);
INSERT INTO `t_consume` VALUES (70, '2023-02-27 18:39:15', 290000, '1932101122', 'REFUND', '2022-2023学年第二学期住宿费', NULL);
INSERT INTO `t_consume` VALUES (71, '2023-02-27 18:39:15', 290000, '1932101133', 'REFUND', '2022-2023学年第二学期住宿费', NULL);
INSERT INTO `t_consume` VALUES (72, '2023-02-22 17:54:41', 290000, '1932101133', 'PAYMENT', '2022-2023学年第二学期住宿费', NULL);
INSERT INTO `t_consume` VALUES (73, '2023-02-27 18:39:15', 290000, '1932101133', 'REFUND', '2022-2023学年第二学期住宿费', NULL);
INSERT INTO `t_consume` VALUES (74, '2023-02-22 18:04:12', 290000, '1432101149', 'PAYMENT', '2022-2023学年第二学期住宿费', NULL);
INSERT INTO `t_consume` VALUES (75, '2023-02-27 18:39:15', 290000, '1432101149', 'REFUND', '2022-2023学年第二学期住宿费', NULL);
INSERT INTO `t_consume` VALUES (76, '2023-02-22 18:51:38', 270000, '1932101133', 'PAYMENT', '2022-2023学年第二学期住宿费', NULL);
INSERT INTO `t_consume` VALUES (77, '2023-02-24 14:05:44', 270000, '1932101141', 'PAYMENT', '2022-2023学年第二学期住宿费', NULL);
INSERT INTO `t_consume` VALUES (78, '2023-02-24 14:09:12', 100, '1932101141', 'PAYMENT', '2022-2023学年第二学期住宿费', NULL);
INSERT INTO `t_consume` VALUES (79, '2023-02-27 18:39:15', 270000, '1932101133', 'REFUND', '2022-2023学年第二学期住宿费', NULL);
INSERT INTO `t_consume` VALUES (80, '2023-02-24 18:33:01', 2000, '1932101149', 'PAYMENT', '测试', NULL);
INSERT INTO `t_consume` VALUES (81, '2023-02-28 18:39:15', 2000, '1932101149', 'REFUND', '测试', NULL);
INSERT INTO `t_consume` VALUES (82, '2023-02-24 18:34:30', 2000, '1932101149', 'PAYMENT', '测试', NULL);
INSERT INTO `t_consume` VALUES (83, '2023-02-28 18:39:15', 2000, '1932101149', 'REFUND', '测试', NULL);
INSERT INTO `t_consume` VALUES (86, '2023-02-24 18:38:15', 2000, '1932101149', 'PAYMENT', '测试', NULL);
INSERT INTO `t_consume` VALUES (87, '2023-02-28 18:39:15', 2000, '1932101149', 'REFUND', '测试', NULL);
INSERT INTO `t_consume` VALUES (88, '2023-02-24 18:40:14', 2000, '1932101149', 'PAYMENT', '测试', NULL);
INSERT INTO `t_consume` VALUES (89, '2023-02-28 18:39:15', 2000, '1932101149', 'REFUND', '测试', NULL);
INSERT INTO `t_consume` VALUES (90, '2023-02-24 18:41:12', 2000, '1932101149', 'PAYMENT', '测试', NULL);
INSERT INTO `t_consume` VALUES (91, '2023-02-28 18:39:15', 2000, '1932101149', 'REFUND', '测试', NULL);
INSERT INTO `t_consume` VALUES (92, '2023-02-24 18:42:49', 2000, '1932101149', 'PAYMENT', '测试', NULL);
INSERT INTO `t_consume` VALUES (93, '2023-02-28 18:39:15', 2000, '1932101149', 'REFUND', '测试', NULL);
INSERT INTO `t_consume` VALUES (95, '2023-02-24 19:31:29', 2000, '1932101149', 'PAYMENT', '测试', NULL);
INSERT INTO `t_consume` VALUES (97, '2023-02-24 19:36:53', 2000, '1932101149', 'PAYMENT', '测试', NULL);
INSERT INTO `t_consume` VALUES (98, '2023-02-24 19:39:08', 2000, '1932101149', 'PAYMENT', '测试', NULL);
INSERT INTO `t_consume` VALUES (99, '2023-02-24 19:40:08', 2000, '1932101149', 'PAYMENT', '测试', NULL);
INSERT INTO `t_consume` VALUES (100, '2023-02-24 19:41:48', 2000, '1932101149', 'PAYMENT', '测试', NULL);
INSERT INTO `t_consume` VALUES (101, '2023-02-24 19:42:11', 2000, '1932101149', 'PAYMENT', '测试', NULL);
INSERT INTO `t_consume` VALUES (102, '2023-02-24 19:43:07', 2000, '1932101149', 'PAYMENT', '测试', NULL);
INSERT INTO `t_consume` VALUES (103, '2023-02-24 19:43:53', 2000, '1932101149', 'PAYMENT', '测试', NULL);
INSERT INTO `t_consume` VALUES (104, '2023-02-24 19:45:36', 2000, '1932101149', 'PAYMENT', '测试', NULL);
INSERT INTO `t_consume` VALUES (105, '2023-02-24 19:46:51', 2000, '1932101149', 'PAYMENT', '测试', NULL);
INSERT INTO `t_consume` VALUES (108, '2023-02-28 18:39:15', 2000, '1932101149', 'REFUND', '测试', NULL);
INSERT INTO `t_consume` VALUES (109, '2023-02-24 20:10:11', 50000, '1432101149', 'RECHARGE', '充值', NULL);
INSERT INTO `t_consume` VALUES (110, '2023-02-24 20:10:32', 100000, '1432101149', 'RECHARGE', '充值', NULL);
INSERT INTO `t_consume` VALUES (111, '2023-03-17 22:37:57', 2200, '1432101149', 'PAYMENT', '测试', NULL);
INSERT INTO `t_consume` VALUES (112, '2023-03-17 22:38:01', 200000, '1432101149', 'PAYMENT', '2023年度住宿费', NULL);
INSERT INTO `t_consume` VALUES (113, '2023-03-17 23:05:27', 2200, '1932101149', 'PAYMENT', '测试', NULL);

-- ----------------------------
-- Table structure for t_consume_statistic
-- ----------------------------
DROP TABLE IF EXISTS `t_consume_statistic`;
CREATE TABLE `t_consume_statistic`  (
  `id` int UNSIGNED NOT NULL AUTO_INCREMENT COMMENT 'PK',
  `consume_type` enum('WATER','ELECTRIC','MEAL_EXPENSE','OTHER') CHARACTER SET utf8mb4 COLLATE utf8mb4_general_ci NULL DEFAULT NULL COMMENT '消费类型',
  `price` int UNSIGNED NOT NULL COMMENT '消费统计金额',
  `date` date NOT NULL COMMENT '日期',
  `count` int UNSIGNED NOT NULL COMMENT '消费统计次数',
  `type` enum('ALL','GROUP') CHARACTER SET utf8mb4 COLLATE utf8mb4_general_ci NOT NULL COMMENT '统计类型',
  PRIMARY KEY (`id`) USING BTREE
) ENGINE = InnoDB AUTO_INCREMENT = 2001 CHARACTER SET = utf8mb4 COLLATE = utf8mb4_general_ci COMMENT = '消费统计表' ROW_FORMAT = Dynamic;

-- ----------------------------
-- Records of t_consume_statistic
-- ----------------------------
INSERT INTO `t_consume_statistic` VALUES (1, 'WATER', 561, '2022-01-01', 177, 'GROUP');
INSERT INTO `t_consume_statistic` VALUES (2, 'ELECTRIC', 629, '2022-01-01', 455, 'GROUP');
INSERT INTO `t_consume_statistic` VALUES (3, 'MEAL_EXPENSE', 625, '2022-01-01', 78, 'GROUP');
INSERT INTO `t_consume_statistic` VALUES (4, 'OTHER', 209, '2022-01-01', 392, 'GROUP');
INSERT INTO `t_consume_statistic` VALUES (5, NULL, 2024, '2022-01-01', 1102, 'ALL');
INSERT INTO `t_consume_statistic` VALUES (6, 'WATER', 292, '2022-01-02', 124, 'GROUP');
INSERT INTO `t_consume_statistic` VALUES (7, 'ELECTRIC', 665, '2022-01-02', 125, 'GROUP');
INSERT INTO `t_consume_statistic` VALUES (8, 'MEAL_EXPENSE', 530, '2022-01-02', 166, 'GROUP');
INSERT INTO `t_consume_statistic` VALUES (9, 'OTHER', 746, '2022-01-02', 106, 'GROUP');
INSERT INTO `t_consume_statistic` VALUES (10, NULL, 2233, '2022-01-02', 521, 'ALL');
INSERT INTO `t_consume_statistic` VALUES (11, 'WATER', 376, '2022-01-03', 381, 'GROUP');
INSERT INTO `t_consume_statistic` VALUES (12, 'ELECTRIC', 808, '2022-01-03', 395, 'GROUP');
INSERT INTO `t_consume_statistic` VALUES (13, 'MEAL_EXPENSE', 510, '2022-01-03', 108, 'GROUP');
INSERT INTO `t_consume_statistic` VALUES (14, 'OTHER', 305, '2022-01-03', 123, 'GROUP');
INSERT INTO `t_consume_statistic` VALUES (15, NULL, 1999, '2022-01-03', 1007, 'ALL');
INSERT INTO `t_consume_statistic` VALUES (16, 'WATER', 915, '2022-01-04', 126, 'GROUP');
INSERT INTO `t_consume_statistic` VALUES (17, 'ELECTRIC', 20, '2022-01-04', 335, 'GROUP');
INSERT INTO `t_consume_statistic` VALUES (18, 'MEAL_EXPENSE', 411, '2022-01-04', 108, 'GROUP');
INSERT INTO `t_consume_statistic` VALUES (19, 'OTHER', 170, '2022-01-04', 420, 'GROUP');
INSERT INTO `t_consume_statistic` VALUES (20, NULL, 1516, '2022-01-04', 989, 'ALL');
INSERT INTO `t_consume_statistic` VALUES (21, 'WATER', 719, '2022-01-05', 406, 'GROUP');
INSERT INTO `t_consume_statistic` VALUES (22, 'ELECTRIC', 365, '2022-01-05', 384, 'GROUP');
INSERT INTO `t_consume_statistic` VALUES (23, 'MEAL_EXPENSE', 249, '2022-01-05', 7, 'GROUP');
INSERT INTO `t_consume_statistic` VALUES (24, 'OTHER', 473, '2022-01-05', 84, 'GROUP');
INSERT INTO `t_consume_statistic` VALUES (25, NULL, 1806, '2022-01-05', 881, 'ALL');
INSERT INTO `t_consume_statistic` VALUES (26, 'WATER', 76, '2022-01-06', 447, 'GROUP');
INSERT INTO `t_consume_statistic` VALUES (27, 'ELECTRIC', 136, '2022-01-06', 143, 'GROUP');
INSERT INTO `t_consume_statistic` VALUES (28, 'MEAL_EXPENSE', 239, '2022-01-06', 317, 'GROUP');
INSERT INTO `t_consume_statistic` VALUES (29, 'OTHER', 806, '2022-01-06', 38, 'GROUP');
INSERT INTO `t_consume_statistic` VALUES (30, NULL, 1257, '2022-01-06', 945, 'ALL');
INSERT INTO `t_consume_statistic` VALUES (31, 'WATER', 642, '2022-01-07', 224, 'GROUP');
INSERT INTO `t_consume_statistic` VALUES (32, 'ELECTRIC', 430, '2022-01-07', 497, 'GROUP');
INSERT INTO `t_consume_statistic` VALUES (33, 'MEAL_EXPENSE', 689, '2022-01-07', 189, 'GROUP');
INSERT INTO `t_consume_statistic` VALUES (34, 'OTHER', 759, '2022-01-07', 126, 'GROUP');
INSERT INTO `t_consume_statistic` VALUES (35, NULL, 2520, '2022-01-07', 1036, 'ALL');
INSERT INTO `t_consume_statistic` VALUES (36, 'WATER', 778, '2022-01-08', 195, 'GROUP');
INSERT INTO `t_consume_statistic` VALUES (37, 'ELECTRIC', 617, '2022-01-08', 173, 'GROUP');
INSERT INTO `t_consume_statistic` VALUES (38, 'MEAL_EXPENSE', 508, '2022-01-08', 141, 'GROUP');
INSERT INTO `t_consume_statistic` VALUES (39, 'OTHER', 268, '2022-01-08', 41, 'GROUP');
INSERT INTO `t_consume_statistic` VALUES (40, NULL, 2171, '2022-01-08', 550, 'ALL');
INSERT INTO `t_consume_statistic` VALUES (41, 'WATER', 544, '2022-01-09', 206, 'GROUP');
INSERT INTO `t_consume_statistic` VALUES (42, 'ELECTRIC', 149, '2022-01-09', 104, 'GROUP');
INSERT INTO `t_consume_statistic` VALUES (43, 'MEAL_EXPENSE', 190, '2022-01-09', 369, 'GROUP');
INSERT INTO `t_consume_statistic` VALUES (44, 'OTHER', 807, '2022-01-09', 107, 'GROUP');
INSERT INTO `t_consume_statistic` VALUES (45, NULL, 1690, '2022-01-09', 786, 'ALL');
INSERT INTO `t_consume_statistic` VALUES (46, 'WATER', 234, '2022-01-10', 299, 'GROUP');
INSERT INTO `t_consume_statistic` VALUES (47, 'ELECTRIC', 967, '2022-01-10', 349, 'GROUP');
INSERT INTO `t_consume_statistic` VALUES (48, 'MEAL_EXPENSE', 200, '2022-01-10', 21, 'GROUP');
INSERT INTO `t_consume_statistic` VALUES (49, 'OTHER', 137, '2022-01-10', 36, 'GROUP');
INSERT INTO `t_consume_statistic` VALUES (50, NULL, 1538, '2022-01-10', 705, 'ALL');
INSERT INTO `t_consume_statistic` VALUES (51, 'WATER', 59, '2022-01-11', 349, 'GROUP');
INSERT INTO `t_consume_statistic` VALUES (52, 'ELECTRIC', 8, '2022-01-11', 131, 'GROUP');
INSERT INTO `t_consume_statistic` VALUES (53, 'MEAL_EXPENSE', 159, '2022-01-11', 177, 'GROUP');
INSERT INTO `t_consume_statistic` VALUES (54, 'OTHER', 665, '2022-01-11', 315, 'GROUP');
INSERT INTO `t_consume_statistic` VALUES (55, NULL, 891, '2022-01-11', 972, 'ALL');
INSERT INTO `t_consume_statistic` VALUES (56, 'WATER', 143, '2022-01-12', 292, 'GROUP');
INSERT INTO `t_consume_statistic` VALUES (57, 'ELECTRIC', 787, '2022-01-12', 75, 'GROUP');
INSERT INTO `t_consume_statistic` VALUES (58, 'MEAL_EXPENSE', 42, '2022-01-12', 337, 'GROUP');
INSERT INTO `t_consume_statistic` VALUES (59, 'OTHER', 294, '2022-01-12', 350, 'GROUP');
INSERT INTO `t_consume_statistic` VALUES (60, NULL, 1266, '2022-01-12', 1054, 'ALL');
INSERT INTO `t_consume_statistic` VALUES (61, 'WATER', 282, '2022-01-13', 60, 'GROUP');
INSERT INTO `t_consume_statistic` VALUES (62, 'ELECTRIC', 174, '2022-01-13', 283, 'GROUP');
INSERT INTO `t_consume_statistic` VALUES (63, 'MEAL_EXPENSE', 876, '2022-01-13', 378, 'GROUP');
INSERT INTO `t_consume_statistic` VALUES (64, 'OTHER', 146, '2022-01-13', 194, 'GROUP');
INSERT INTO `t_consume_statistic` VALUES (65, NULL, 1478, '2022-01-13', 915, 'ALL');
INSERT INTO `t_consume_statistic` VALUES (66, 'WATER', 378, '2022-01-14', 230, 'GROUP');
INSERT INTO `t_consume_statistic` VALUES (67, 'ELECTRIC', 453, '2022-01-14', 266, 'GROUP');
INSERT INTO `t_consume_statistic` VALUES (68, 'MEAL_EXPENSE', 224, '2022-01-14', 122, 'GROUP');
INSERT INTO `t_consume_statistic` VALUES (69, 'OTHER', 468, '2022-01-14', 385, 'GROUP');
INSERT INTO `t_consume_statistic` VALUES (70, NULL, 1523, '2022-01-14', 1003, 'ALL');
INSERT INTO `t_consume_statistic` VALUES (71, 'WATER', 732, '2022-01-15', 293, 'GROUP');
INSERT INTO `t_consume_statistic` VALUES (72, 'ELECTRIC', 942, '2022-01-15', 149, 'GROUP');
INSERT INTO `t_consume_statistic` VALUES (73, 'MEAL_EXPENSE', 577, '2022-01-15', 103, 'GROUP');
INSERT INTO `t_consume_statistic` VALUES (74, 'OTHER', 934, '2022-01-15', 131, 'GROUP');
INSERT INTO `t_consume_statistic` VALUES (75, NULL, 3185, '2022-01-15', 676, 'ALL');
INSERT INTO `t_consume_statistic` VALUES (76, 'WATER', 8, '2022-01-16', 106, 'GROUP');
INSERT INTO `t_consume_statistic` VALUES (77, 'ELECTRIC', 696, '2022-01-16', 147, 'GROUP');
INSERT INTO `t_consume_statistic` VALUES (78, 'MEAL_EXPENSE', 586, '2022-01-16', 454, 'GROUP');
INSERT INTO `t_consume_statistic` VALUES (79, 'OTHER', 328, '2022-01-16', 252, 'GROUP');
INSERT INTO `t_consume_statistic` VALUES (80, NULL, 1618, '2022-01-16', 959, 'ALL');
INSERT INTO `t_consume_statistic` VALUES (81, 'WATER', 682, '2022-01-17', 33, 'GROUP');
INSERT INTO `t_consume_statistic` VALUES (82, 'ELECTRIC', 434, '2022-01-17', 250, 'GROUP');
INSERT INTO `t_consume_statistic` VALUES (83, 'MEAL_EXPENSE', 118, '2022-01-17', 430, 'GROUP');
INSERT INTO `t_consume_statistic` VALUES (84, 'OTHER', 203, '2022-01-17', 248, 'GROUP');
INSERT INTO `t_consume_statistic` VALUES (85, NULL, 1437, '2022-01-17', 961, 'ALL');
INSERT INTO `t_consume_statistic` VALUES (86, 'WATER', 454, '2022-01-18', 268, 'GROUP');
INSERT INTO `t_consume_statistic` VALUES (87, 'ELECTRIC', 774, '2022-01-18', 151, 'GROUP');
INSERT INTO `t_consume_statistic` VALUES (88, 'MEAL_EXPENSE', 759, '2022-01-18', 176, 'GROUP');
INSERT INTO `t_consume_statistic` VALUES (89, 'OTHER', 69, '2022-01-18', 17, 'GROUP');
INSERT INTO `t_consume_statistic` VALUES (90, NULL, 2056, '2022-01-18', 612, 'ALL');
INSERT INTO `t_consume_statistic` VALUES (91, 'WATER', 217, '2022-01-19', 369, 'GROUP');
INSERT INTO `t_consume_statistic` VALUES (92, 'ELECTRIC', 285, '2022-01-19', 166, 'GROUP');
INSERT INTO `t_consume_statistic` VALUES (93, 'MEAL_EXPENSE', 161, '2022-01-19', 231, 'GROUP');
INSERT INTO `t_consume_statistic` VALUES (94, 'OTHER', 899, '2022-01-19', 246, 'GROUP');
INSERT INTO `t_consume_statistic` VALUES (95, NULL, 1562, '2022-01-19', 1012, 'ALL');
INSERT INTO `t_consume_statistic` VALUES (96, 'WATER', 417, '2022-01-20', 106, 'GROUP');
INSERT INTO `t_consume_statistic` VALUES (97, 'ELECTRIC', 367, '2022-01-20', 483, 'GROUP');
INSERT INTO `t_consume_statistic` VALUES (98, 'MEAL_EXPENSE', 744, '2022-01-20', 161, 'GROUP');
INSERT INTO `t_consume_statistic` VALUES (99, 'OTHER', 548, '2022-01-20', 459, 'GROUP');
INSERT INTO `t_consume_statistic` VALUES (100, NULL, 2076, '2022-01-20', 1209, 'ALL');
INSERT INTO `t_consume_statistic` VALUES (101, 'WATER', 553, '2022-01-21', 60, 'GROUP');
INSERT INTO `t_consume_statistic` VALUES (102, 'ELECTRIC', 635, '2022-01-21', 159, 'GROUP');
INSERT INTO `t_consume_statistic` VALUES (103, 'MEAL_EXPENSE', 962, '2022-01-21', 21, 'GROUP');
INSERT INTO `t_consume_statistic` VALUES (104, 'OTHER', 707, '2022-01-21', 17, 'GROUP');
INSERT INTO `t_consume_statistic` VALUES (105, NULL, 2857, '2022-01-21', 257, 'ALL');
INSERT INTO `t_consume_statistic` VALUES (106, 'WATER', 598, '2022-01-22', 266, 'GROUP');
INSERT INTO `t_consume_statistic` VALUES (107, 'ELECTRIC', 733, '2022-01-22', 215, 'GROUP');
INSERT INTO `t_consume_statistic` VALUES (108, 'MEAL_EXPENSE', 72, '2022-01-22', 383, 'GROUP');
INSERT INTO `t_consume_statistic` VALUES (109, 'OTHER', 372, '2022-01-22', 412, 'GROUP');
INSERT INTO `t_consume_statistic` VALUES (110, NULL, 1775, '2022-01-22', 1276, 'ALL');
INSERT INTO `t_consume_statistic` VALUES (111, 'WATER', 921, '2022-01-23', 221, 'GROUP');
INSERT INTO `t_consume_statistic` VALUES (112, 'ELECTRIC', 143, '2022-01-23', 44, 'GROUP');
INSERT INTO `t_consume_statistic` VALUES (113, 'MEAL_EXPENSE', 537, '2022-01-23', 421, 'GROUP');
INSERT INTO `t_consume_statistic` VALUES (114, 'OTHER', 893, '2022-01-23', 275, 'GROUP');
INSERT INTO `t_consume_statistic` VALUES (115, NULL, 2494, '2022-01-23', 961, 'ALL');
INSERT INTO `t_consume_statistic` VALUES (116, 'WATER', 926, '2022-01-24', 470, 'GROUP');
INSERT INTO `t_consume_statistic` VALUES (117, 'ELECTRIC', 611, '2022-01-24', 275, 'GROUP');
INSERT INTO `t_consume_statistic` VALUES (118, 'MEAL_EXPENSE', 304, '2022-01-24', 81, 'GROUP');
INSERT INTO `t_consume_statistic` VALUES (119, 'OTHER', 975, '2022-01-24', 342, 'GROUP');
INSERT INTO `t_consume_statistic` VALUES (120, NULL, 2816, '2022-01-24', 1168, 'ALL');
INSERT INTO `t_consume_statistic` VALUES (121, 'WATER', 160, '2022-01-25', 230, 'GROUP');
INSERT INTO `t_consume_statistic` VALUES (122, 'ELECTRIC', 475, '2022-01-25', 378, 'GROUP');
INSERT INTO `t_consume_statistic` VALUES (123, 'MEAL_EXPENSE', 435, '2022-01-25', 92, 'GROUP');
INSERT INTO `t_consume_statistic` VALUES (124, 'OTHER', 607, '2022-01-25', 347, 'GROUP');
INSERT INTO `t_consume_statistic` VALUES (125, NULL, 1677, '2022-01-25', 1047, 'ALL');
INSERT INTO `t_consume_statistic` VALUES (126, 'WATER', 754, '2022-01-26', 394, 'GROUP');
INSERT INTO `t_consume_statistic` VALUES (127, 'ELECTRIC', 936, '2022-01-26', 219, 'GROUP');
INSERT INTO `t_consume_statistic` VALUES (128, 'MEAL_EXPENSE', 586, '2022-01-26', 198, 'GROUP');
INSERT INTO `t_consume_statistic` VALUES (129, 'OTHER', 638, '2022-01-26', 180, 'GROUP');
INSERT INTO `t_consume_statistic` VALUES (130, NULL, 2914, '2022-01-26', 991, 'ALL');
INSERT INTO `t_consume_statistic` VALUES (131, 'WATER', 75, '2022-01-27', 202, 'GROUP');
INSERT INTO `t_consume_statistic` VALUES (132, 'ELECTRIC', 967, '2022-01-27', 148, 'GROUP');
INSERT INTO `t_consume_statistic` VALUES (133, 'MEAL_EXPENSE', 683, '2022-01-27', 336, 'GROUP');
INSERT INTO `t_consume_statistic` VALUES (134, 'OTHER', 604, '2022-01-27', 357, 'GROUP');
INSERT INTO `t_consume_statistic` VALUES (135, NULL, 2329, '2022-01-27', 1043, 'ALL');
INSERT INTO `t_consume_statistic` VALUES (136, 'WATER', 948, '2022-01-28', 215, 'GROUP');
INSERT INTO `t_consume_statistic` VALUES (137, 'ELECTRIC', 525, '2022-01-28', 141, 'GROUP');
INSERT INTO `t_consume_statistic` VALUES (138, 'MEAL_EXPENSE', 17, '2022-01-28', 286, 'GROUP');
INSERT INTO `t_consume_statistic` VALUES (139, 'OTHER', 801, '2022-01-28', 372, 'GROUP');
INSERT INTO `t_consume_statistic` VALUES (140, NULL, 2291, '2022-01-28', 1014, 'ALL');
INSERT INTO `t_consume_statistic` VALUES (141, 'WATER', 12, '2022-01-29', 379, 'GROUP');
INSERT INTO `t_consume_statistic` VALUES (142, 'ELECTRIC', 743, '2022-01-29', 412, 'GROUP');
INSERT INTO `t_consume_statistic` VALUES (143, 'MEAL_EXPENSE', 857, '2022-01-29', 51, 'GROUP');
INSERT INTO `t_consume_statistic` VALUES (144, 'OTHER', 581, '2022-01-29', 185, 'GROUP');
INSERT INTO `t_consume_statistic` VALUES (145, NULL, 2193, '2022-01-29', 1027, 'ALL');
INSERT INTO `t_consume_statistic` VALUES (146, 'WATER', 470, '2022-01-30', 464, 'GROUP');
INSERT INTO `t_consume_statistic` VALUES (147, 'ELECTRIC', 791, '2022-01-30', 40, 'GROUP');
INSERT INTO `t_consume_statistic` VALUES (148, 'MEAL_EXPENSE', 186, '2022-01-30', 292, 'GROUP');
INSERT INTO `t_consume_statistic` VALUES (149, 'OTHER', 131, '2022-01-30', 348, 'GROUP');
INSERT INTO `t_consume_statistic` VALUES (150, NULL, 1578, '2022-01-30', 1144, 'ALL');
INSERT INTO `t_consume_statistic` VALUES (151, 'WATER', 157, '2022-01-31', 463, 'GROUP');
INSERT INTO `t_consume_statistic` VALUES (152, 'ELECTRIC', 211, '2022-01-31', 163, 'GROUP');
INSERT INTO `t_consume_statistic` VALUES (153, 'MEAL_EXPENSE', 212, '2022-01-31', 296, 'GROUP');
INSERT INTO `t_consume_statistic` VALUES (154, 'OTHER', 789, '2022-01-31', 248, 'GROUP');
INSERT INTO `t_consume_statistic` VALUES (155, NULL, 1369, '2022-01-31', 1170, 'ALL');
INSERT INTO `t_consume_statistic` VALUES (156, 'WATER', 736, '2022-02-01', 282, 'GROUP');
INSERT INTO `t_consume_statistic` VALUES (157, 'ELECTRIC', 509, '2022-02-01', 382, 'GROUP');
INSERT INTO `t_consume_statistic` VALUES (158, 'MEAL_EXPENSE', 127, '2022-02-01', 248, 'GROUP');
INSERT INTO `t_consume_statistic` VALUES (159, 'OTHER', 403, '2022-02-01', 366, 'GROUP');
INSERT INTO `t_consume_statistic` VALUES (160, NULL, 1775, '2022-02-01', 1278, 'ALL');
INSERT INTO `t_consume_statistic` VALUES (161, 'WATER', 508, '2022-02-02', 48, 'GROUP');
INSERT INTO `t_consume_statistic` VALUES (162, 'ELECTRIC', 932, '2022-02-02', 57, 'GROUP');
INSERT INTO `t_consume_statistic` VALUES (163, 'MEAL_EXPENSE', 353, '2022-02-02', 2, 'GROUP');
INSERT INTO `t_consume_statistic` VALUES (164, 'OTHER', 883, '2022-02-02', 180, 'GROUP');
INSERT INTO `t_consume_statistic` VALUES (165, NULL, 2676, '2022-02-02', 287, 'ALL');
INSERT INTO `t_consume_statistic` VALUES (166, 'WATER', 262, '2022-02-03', 128, 'GROUP');
INSERT INTO `t_consume_statistic` VALUES (167, 'ELECTRIC', 727, '2022-02-03', 58, 'GROUP');
INSERT INTO `t_consume_statistic` VALUES (168, 'MEAL_EXPENSE', 260, '2022-02-03', 474, 'GROUP');
INSERT INTO `t_consume_statistic` VALUES (169, 'OTHER', 554, '2022-02-03', 342, 'GROUP');
INSERT INTO `t_consume_statistic` VALUES (170, NULL, 1803, '2022-02-03', 1002, 'ALL');
INSERT INTO `t_consume_statistic` VALUES (171, 'WATER', 653, '2022-02-04', 183, 'GROUP');
INSERT INTO `t_consume_statistic` VALUES (172, 'ELECTRIC', 123, '2022-02-04', 46, 'GROUP');
INSERT INTO `t_consume_statistic` VALUES (173, 'MEAL_EXPENSE', 320, '2022-02-04', 38, 'GROUP');
INSERT INTO `t_consume_statistic` VALUES (174, 'OTHER', 891, '2022-02-04', 24, 'GROUP');
INSERT INTO `t_consume_statistic` VALUES (175, NULL, 1987, '2022-02-04', 291, 'ALL');
INSERT INTO `t_consume_statistic` VALUES (176, 'WATER', 197, '2022-02-05', 307, 'GROUP');
INSERT INTO `t_consume_statistic` VALUES (177, 'ELECTRIC', 872, '2022-02-05', 493, 'GROUP');
INSERT INTO `t_consume_statistic` VALUES (178, 'MEAL_EXPENSE', 869, '2022-02-05', 278, 'GROUP');
INSERT INTO `t_consume_statistic` VALUES (179, 'OTHER', 38, '2022-02-05', 309, 'GROUP');
INSERT INTO `t_consume_statistic` VALUES (180, NULL, 1976, '2022-02-05', 1387, 'ALL');
INSERT INTO `t_consume_statistic` VALUES (181, 'WATER', 619, '2022-02-06', 408, 'GROUP');
INSERT INTO `t_consume_statistic` VALUES (182, 'ELECTRIC', 951, '2022-02-06', 112, 'GROUP');
INSERT INTO `t_consume_statistic` VALUES (183, 'MEAL_EXPENSE', 170, '2022-02-06', 408, 'GROUP');
INSERT INTO `t_consume_statistic` VALUES (184, 'OTHER', 388, '2022-02-06', 384, 'GROUP');
INSERT INTO `t_consume_statistic` VALUES (185, NULL, 2128, '2022-02-06', 1312, 'ALL');
INSERT INTO `t_consume_statistic` VALUES (186, 'WATER', 916, '2022-02-07', 293, 'GROUP');
INSERT INTO `t_consume_statistic` VALUES (187, 'ELECTRIC', 531, '2022-02-07', 87, 'GROUP');
INSERT INTO `t_consume_statistic` VALUES (188, 'MEAL_EXPENSE', 352, '2022-02-07', 364, 'GROUP');
INSERT INTO `t_consume_statistic` VALUES (189, 'OTHER', 831, '2022-02-07', 145, 'GROUP');
INSERT INTO `t_consume_statistic` VALUES (190, NULL, 2630, '2022-02-07', 889, 'ALL');
INSERT INTO `t_consume_statistic` VALUES (191, 'WATER', 906, '2022-02-08', 109, 'GROUP');
INSERT INTO `t_consume_statistic` VALUES (192, 'ELECTRIC', 910, '2022-02-08', 205, 'GROUP');
INSERT INTO `t_consume_statistic` VALUES (193, 'MEAL_EXPENSE', 304, '2022-02-08', 171, 'GROUP');
INSERT INTO `t_consume_statistic` VALUES (194, 'OTHER', 427, '2022-02-08', 252, 'GROUP');
INSERT INTO `t_consume_statistic` VALUES (195, NULL, 2547, '2022-02-08', 737, 'ALL');
INSERT INTO `t_consume_statistic` VALUES (196, 'WATER', 767, '2022-02-09', 152, 'GROUP');
INSERT INTO `t_consume_statistic` VALUES (197, 'ELECTRIC', 556, '2022-02-09', 68, 'GROUP');
INSERT INTO `t_consume_statistic` VALUES (198, 'MEAL_EXPENSE', 274, '2022-02-09', 282, 'GROUP');
INSERT INTO `t_consume_statistic` VALUES (199, 'OTHER', 350, '2022-02-09', 209, 'GROUP');
INSERT INTO `t_consume_statistic` VALUES (200, NULL, 1947, '2022-02-09', 711, 'ALL');
INSERT INTO `t_consume_statistic` VALUES (201, 'WATER', 936, '2022-02-10', 143, 'GROUP');
INSERT INTO `t_consume_statistic` VALUES (202, 'ELECTRIC', 163, '2022-02-10', 161, 'GROUP');
INSERT INTO `t_consume_statistic` VALUES (203, 'MEAL_EXPENSE', 607, '2022-02-10', 132, 'GROUP');
INSERT INTO `t_consume_statistic` VALUES (204, 'OTHER', 549, '2022-02-10', 394, 'GROUP');
INSERT INTO `t_consume_statistic` VALUES (205, NULL, 2255, '2022-02-10', 830, 'ALL');
INSERT INTO `t_consume_statistic` VALUES (206, 'WATER', 41, '2022-02-11', 468, 'GROUP');
INSERT INTO `t_consume_statistic` VALUES (207, 'ELECTRIC', 1, '2022-02-11', 360, 'GROUP');
INSERT INTO `t_consume_statistic` VALUES (208, 'MEAL_EXPENSE', 940, '2022-02-11', 199, 'GROUP');
INSERT INTO `t_consume_statistic` VALUES (209, 'OTHER', 153, '2022-02-11', 152, 'GROUP');
INSERT INTO `t_consume_statistic` VALUES (210, NULL, 1135, '2022-02-11', 1179, 'ALL');
INSERT INTO `t_consume_statistic` VALUES (211, 'WATER', 410, '2022-02-12', 436, 'GROUP');
INSERT INTO `t_consume_statistic` VALUES (212, 'ELECTRIC', 752, '2022-02-12', 17, 'GROUP');
INSERT INTO `t_consume_statistic` VALUES (213, 'MEAL_EXPENSE', 10, '2022-02-12', 224, 'GROUP');
INSERT INTO `t_consume_statistic` VALUES (214, 'OTHER', 828, '2022-02-12', 434, 'GROUP');
INSERT INTO `t_consume_statistic` VALUES (215, NULL, 2000, '2022-02-12', 1111, 'ALL');
INSERT INTO `t_consume_statistic` VALUES (216, 'WATER', 659, '2022-02-13', 344, 'GROUP');
INSERT INTO `t_consume_statistic` VALUES (217, 'ELECTRIC', 92, '2022-02-13', 443, 'GROUP');
INSERT INTO `t_consume_statistic` VALUES (218, 'MEAL_EXPENSE', 209, '2022-02-13', 99, 'GROUP');
INSERT INTO `t_consume_statistic` VALUES (219, 'OTHER', 686, '2022-02-13', 108, 'GROUP');
INSERT INTO `t_consume_statistic` VALUES (220, NULL, 1646, '2022-02-13', 994, 'ALL');
INSERT INTO `t_consume_statistic` VALUES (221, 'WATER', 244, '2022-02-14', 423, 'GROUP');
INSERT INTO `t_consume_statistic` VALUES (222, 'ELECTRIC', 185, '2022-02-14', 456, 'GROUP');
INSERT INTO `t_consume_statistic` VALUES (223, 'MEAL_EXPENSE', 971, '2022-02-14', 233, 'GROUP');
INSERT INTO `t_consume_statistic` VALUES (224, 'OTHER', 106, '2022-02-14', 389, 'GROUP');
INSERT INTO `t_consume_statistic` VALUES (225, NULL, 1506, '2022-02-14', 1501, 'ALL');
INSERT INTO `t_consume_statistic` VALUES (226, 'WATER', 438, '2022-02-15', 73, 'GROUP');
INSERT INTO `t_consume_statistic` VALUES (227, 'ELECTRIC', 605, '2022-02-15', 444, 'GROUP');
INSERT INTO `t_consume_statistic` VALUES (228, 'MEAL_EXPENSE', 482, '2022-02-15', 3, 'GROUP');
INSERT INTO `t_consume_statistic` VALUES (229, 'OTHER', 506, '2022-02-15', 303, 'GROUP');
INSERT INTO `t_consume_statistic` VALUES (230, NULL, 2031, '2022-02-15', 823, 'ALL');
INSERT INTO `t_consume_statistic` VALUES (231, 'WATER', 724, '2022-02-16', 395, 'GROUP');
INSERT INTO `t_consume_statistic` VALUES (232, 'ELECTRIC', 432, '2022-02-16', 135, 'GROUP');
INSERT INTO `t_consume_statistic` VALUES (233, 'MEAL_EXPENSE', 51, '2022-02-16', 335, 'GROUP');
INSERT INTO `t_consume_statistic` VALUES (234, 'OTHER', 555, '2022-02-16', 174, 'GROUP');
INSERT INTO `t_consume_statistic` VALUES (235, NULL, 1762, '2022-02-16', 1039, 'ALL');
INSERT INTO `t_consume_statistic` VALUES (236, 'WATER', 696, '2022-02-17', 7, 'GROUP');
INSERT INTO `t_consume_statistic` VALUES (237, 'ELECTRIC', 437, '2022-02-17', 56, 'GROUP');
INSERT INTO `t_consume_statistic` VALUES (238, 'MEAL_EXPENSE', 590, '2022-02-17', 253, 'GROUP');
INSERT INTO `t_consume_statistic` VALUES (239, 'OTHER', 727, '2022-02-17', 332, 'GROUP');
INSERT INTO `t_consume_statistic` VALUES (240, NULL, 2450, '2022-02-17', 648, 'ALL');
INSERT INTO `t_consume_statistic` VALUES (241, 'WATER', 135, '2022-02-18', 328, 'GROUP');
INSERT INTO `t_consume_statistic` VALUES (242, 'ELECTRIC', 55, '2022-02-18', 326, 'GROUP');
INSERT INTO `t_consume_statistic` VALUES (243, 'MEAL_EXPENSE', 578, '2022-02-18', 318, 'GROUP');
INSERT INTO `t_consume_statistic` VALUES (244, 'OTHER', 873, '2022-02-18', 268, 'GROUP');
INSERT INTO `t_consume_statistic` VALUES (245, NULL, 1641, '2022-02-18', 1240, 'ALL');
INSERT INTO `t_consume_statistic` VALUES (246, 'WATER', 156, '2022-02-19', 332, 'GROUP');
INSERT INTO `t_consume_statistic` VALUES (247, 'ELECTRIC', 397, '2022-02-19', 290, 'GROUP');
INSERT INTO `t_consume_statistic` VALUES (248, 'MEAL_EXPENSE', 39, '2022-02-19', 191, 'GROUP');
INSERT INTO `t_consume_statistic` VALUES (249, 'OTHER', 858, '2022-02-19', 268, 'GROUP');
INSERT INTO `t_consume_statistic` VALUES (250, NULL, 1450, '2022-02-19', 1081, 'ALL');
INSERT INTO `t_consume_statistic` VALUES (251, 'WATER', 357, '2022-02-20', 144, 'GROUP');
INSERT INTO `t_consume_statistic` VALUES (252, 'ELECTRIC', 909, '2022-02-20', 60, 'GROUP');
INSERT INTO `t_consume_statistic` VALUES (253, 'MEAL_EXPENSE', 661, '2022-02-20', 353, 'GROUP');
INSERT INTO `t_consume_statistic` VALUES (254, 'OTHER', 640, '2022-02-20', 479, 'GROUP');
INSERT INTO `t_consume_statistic` VALUES (255, NULL, 2567, '2022-02-20', 1036, 'ALL');
INSERT INTO `t_consume_statistic` VALUES (256, 'WATER', 610, '2022-02-21', 43, 'GROUP');
INSERT INTO `t_consume_statistic` VALUES (257, 'ELECTRIC', 330, '2022-02-21', 59, 'GROUP');
INSERT INTO `t_consume_statistic` VALUES (258, 'MEAL_EXPENSE', 586, '2022-02-21', 185, 'GROUP');
INSERT INTO `t_consume_statistic` VALUES (259, 'OTHER', 655, '2022-02-21', 356, 'GROUP');
INSERT INTO `t_consume_statistic` VALUES (260, NULL, 2181, '2022-02-21', 643, 'ALL');
INSERT INTO `t_consume_statistic` VALUES (261, 'WATER', 600, '2022-02-22', 0, 'GROUP');
INSERT INTO `t_consume_statistic` VALUES (262, 'ELECTRIC', 49, '2022-02-22', 45, 'GROUP');
INSERT INTO `t_consume_statistic` VALUES (263, 'MEAL_EXPENSE', 322, '2022-02-22', 185, 'GROUP');
INSERT INTO `t_consume_statistic` VALUES (264, 'OTHER', 564, '2022-02-22', 327, 'GROUP');
INSERT INTO `t_consume_statistic` VALUES (265, NULL, 1535, '2022-02-22', 557, 'ALL');
INSERT INTO `t_consume_statistic` VALUES (266, 'WATER', 71, '2022-02-23', 200, 'GROUP');
INSERT INTO `t_consume_statistic` VALUES (267, 'ELECTRIC', 700, '2022-02-23', 233, 'GROUP');
INSERT INTO `t_consume_statistic` VALUES (268, 'MEAL_EXPENSE', 593, '2022-02-23', 445, 'GROUP');
INSERT INTO `t_consume_statistic` VALUES (269, 'OTHER', 588, '2022-02-23', 457, 'GROUP');
INSERT INTO `t_consume_statistic` VALUES (270, NULL, 1952, '2022-02-23', 1335, 'ALL');
INSERT INTO `t_consume_statistic` VALUES (271, 'WATER', 943, '2022-02-24', 208, 'GROUP');
INSERT INTO `t_consume_statistic` VALUES (272, 'ELECTRIC', 445, '2022-02-24', 467, 'GROUP');
INSERT INTO `t_consume_statistic` VALUES (273, 'MEAL_EXPENSE', 249, '2022-02-24', 183, 'GROUP');
INSERT INTO `t_consume_statistic` VALUES (274, 'OTHER', 417, '2022-02-24', 172, 'GROUP');
INSERT INTO `t_consume_statistic` VALUES (275, NULL, 2054, '2022-02-24', 1030, 'ALL');
INSERT INTO `t_consume_statistic` VALUES (276, 'WATER', 92, '2022-02-25', 289, 'GROUP');
INSERT INTO `t_consume_statistic` VALUES (277, 'ELECTRIC', 842, '2022-02-25', 223, 'GROUP');
INSERT INTO `t_consume_statistic` VALUES (278, 'MEAL_EXPENSE', 799, '2022-02-25', 375, 'GROUP');
INSERT INTO `t_consume_statistic` VALUES (279, 'OTHER', 64, '2022-02-25', 87, 'GROUP');
INSERT INTO `t_consume_statistic` VALUES (280, NULL, 1797, '2022-02-25', 974, 'ALL');
INSERT INTO `t_consume_statistic` VALUES (281, 'WATER', 645, '2022-02-26', 51, 'GROUP');
INSERT INTO `t_consume_statistic` VALUES (282, 'ELECTRIC', 349, '2022-02-26', 13, 'GROUP');
INSERT INTO `t_consume_statistic` VALUES (283, 'MEAL_EXPENSE', 56, '2022-02-26', 57, 'GROUP');
INSERT INTO `t_consume_statistic` VALUES (284, 'OTHER', 758, '2022-02-26', 105, 'GROUP');
INSERT INTO `t_consume_statistic` VALUES (285, NULL, 1808, '2022-02-26', 226, 'ALL');
INSERT INTO `t_consume_statistic` VALUES (286, 'WATER', 381, '2022-02-27', 128, 'GROUP');
INSERT INTO `t_consume_statistic` VALUES (287, 'ELECTRIC', 69, '2022-02-27', 362, 'GROUP');
INSERT INTO `t_consume_statistic` VALUES (288, 'MEAL_EXPENSE', 468, '2022-02-27', 44, 'GROUP');
INSERT INTO `t_consume_statistic` VALUES (289, 'OTHER', 209, '2022-02-27', 448, 'GROUP');
INSERT INTO `t_consume_statistic` VALUES (290, NULL, 1127, '2022-02-27', 982, 'ALL');
INSERT INTO `t_consume_statistic` VALUES (291, 'WATER', 143, '2022-02-28', 245, 'GROUP');
INSERT INTO `t_consume_statistic` VALUES (292, 'ELECTRIC', 377, '2022-02-28', 349, 'GROUP');
INSERT INTO `t_consume_statistic` VALUES (293, 'MEAL_EXPENSE', 662, '2022-02-28', 449, 'GROUP');
INSERT INTO `t_consume_statistic` VALUES (294, 'OTHER', 365, '2022-02-28', 105, 'GROUP');
INSERT INTO `t_consume_statistic` VALUES (295, NULL, 1547, '2022-02-28', 1148, 'ALL');
INSERT INTO `t_consume_statistic` VALUES (296, 'WATER', 509, '2022-03-01', 482, 'GROUP');
INSERT INTO `t_consume_statistic` VALUES (297, 'ELECTRIC', 516, '2022-03-01', 60, 'GROUP');
INSERT INTO `t_consume_statistic` VALUES (298, 'MEAL_EXPENSE', 528, '2022-03-01', 241, 'GROUP');
INSERT INTO `t_consume_statistic` VALUES (299, 'OTHER', 347, '2022-03-01', 273, 'GROUP');
INSERT INTO `t_consume_statistic` VALUES (300, NULL, 1900, '2022-03-01', 1056, 'ALL');
INSERT INTO `t_consume_statistic` VALUES (301, 'WATER', 248, '2022-03-02', 483, 'GROUP');
INSERT INTO `t_consume_statistic` VALUES (302, 'ELECTRIC', 273, '2022-03-02', 454, 'GROUP');
INSERT INTO `t_consume_statistic` VALUES (303, 'MEAL_EXPENSE', 215, '2022-03-02', 350, 'GROUP');
INSERT INTO `t_consume_statistic` VALUES (304, 'OTHER', 273, '2022-03-02', 280, 'GROUP');
INSERT INTO `t_consume_statistic` VALUES (305, NULL, 1009, '2022-03-02', 1567, 'ALL');
INSERT INTO `t_consume_statistic` VALUES (306, 'WATER', 116, '2022-03-03', 214, 'GROUP');
INSERT INTO `t_consume_statistic` VALUES (307, 'ELECTRIC', 211, '2022-03-03', 267, 'GROUP');
INSERT INTO `t_consume_statistic` VALUES (308, 'MEAL_EXPENSE', 158, '2022-03-03', 131, 'GROUP');
INSERT INTO `t_consume_statistic` VALUES (309, 'OTHER', 278, '2022-03-03', 60, 'GROUP');
INSERT INTO `t_consume_statistic` VALUES (310, NULL, 763, '2022-03-03', 672, 'ALL');
INSERT INTO `t_consume_statistic` VALUES (311, 'WATER', 272, '2022-03-04', 480, 'GROUP');
INSERT INTO `t_consume_statistic` VALUES (312, 'ELECTRIC', 77, '2022-03-04', 220, 'GROUP');
INSERT INTO `t_consume_statistic` VALUES (313, 'MEAL_EXPENSE', 582, '2022-03-04', 364, 'GROUP');
INSERT INTO `t_consume_statistic` VALUES (314, 'OTHER', 680, '2022-03-04', 205, 'GROUP');
INSERT INTO `t_consume_statistic` VALUES (315, NULL, 1611, '2022-03-04', 1269, 'ALL');
INSERT INTO `t_consume_statistic` VALUES (316, 'WATER', 870, '2022-03-05', 241, 'GROUP');
INSERT INTO `t_consume_statistic` VALUES (317, 'ELECTRIC', 535, '2022-03-05', 301, 'GROUP');
INSERT INTO `t_consume_statistic` VALUES (318, 'MEAL_EXPENSE', 167, '2022-03-05', 259, 'GROUP');
INSERT INTO `t_consume_statistic` VALUES (319, 'OTHER', 33, '2022-03-05', 345, 'GROUP');
INSERT INTO `t_consume_statistic` VALUES (320, NULL, 1605, '2022-03-05', 1146, 'ALL');
INSERT INTO `t_consume_statistic` VALUES (321, 'WATER', 98, '2022-03-06', 220, 'GROUP');
INSERT INTO `t_consume_statistic` VALUES (322, 'ELECTRIC', 938, '2022-03-06', 237, 'GROUP');
INSERT INTO `t_consume_statistic` VALUES (323, 'MEAL_EXPENSE', 681, '2022-03-06', 266, 'GROUP');
INSERT INTO `t_consume_statistic` VALUES (324, 'OTHER', 493, '2022-03-06', 314, 'GROUP');
INSERT INTO `t_consume_statistic` VALUES (325, NULL, 2210, '2022-03-06', 1037, 'ALL');
INSERT INTO `t_consume_statistic` VALUES (326, 'WATER', 192, '2022-03-07', 164, 'GROUP');
INSERT INTO `t_consume_statistic` VALUES (327, 'ELECTRIC', 501, '2022-03-07', 282, 'GROUP');
INSERT INTO `t_consume_statistic` VALUES (328, 'MEAL_EXPENSE', 611, '2022-03-07', 347, 'GROUP');
INSERT INTO `t_consume_statistic` VALUES (329, 'OTHER', 634, '2022-03-07', 185, 'GROUP');
INSERT INTO `t_consume_statistic` VALUES (330, NULL, 1938, '2022-03-07', 978, 'ALL');
INSERT INTO `t_consume_statistic` VALUES (331, 'WATER', 635, '2022-03-08', 241, 'GROUP');
INSERT INTO `t_consume_statistic` VALUES (332, 'ELECTRIC', 8, '2022-03-08', 50, 'GROUP');
INSERT INTO `t_consume_statistic` VALUES (333, 'MEAL_EXPENSE', 639, '2022-03-08', 362, 'GROUP');
INSERT INTO `t_consume_statistic` VALUES (334, 'OTHER', 981, '2022-03-08', 128, 'GROUP');
INSERT INTO `t_consume_statistic` VALUES (335, NULL, 2263, '2022-03-08', 781, 'ALL');
INSERT INTO `t_consume_statistic` VALUES (336, 'WATER', 253, '2022-03-09', 466, 'GROUP');
INSERT INTO `t_consume_statistic` VALUES (337, 'ELECTRIC', 425, '2022-03-09', 286, 'GROUP');
INSERT INTO `t_consume_statistic` VALUES (338, 'MEAL_EXPENSE', 209, '2022-03-09', 240, 'GROUP');
INSERT INTO `t_consume_statistic` VALUES (339, 'OTHER', 670, '2022-03-09', 258, 'GROUP');
INSERT INTO `t_consume_statistic` VALUES (340, NULL, 1557, '2022-03-09', 1250, 'ALL');
INSERT INTO `t_consume_statistic` VALUES (341, 'WATER', 860, '2022-03-10', 243, 'GROUP');
INSERT INTO `t_consume_statistic` VALUES (342, 'ELECTRIC', 27, '2022-03-10', 427, 'GROUP');
INSERT INTO `t_consume_statistic` VALUES (343, 'MEAL_EXPENSE', 749, '2022-03-10', 441, 'GROUP');
INSERT INTO `t_consume_statistic` VALUES (344, 'OTHER', 241, '2022-03-10', 186, 'GROUP');
INSERT INTO `t_consume_statistic` VALUES (345, NULL, 1877, '2022-03-10', 1297, 'ALL');
INSERT INTO `t_consume_statistic` VALUES (346, 'WATER', 193, '2022-03-11', 247, 'GROUP');
INSERT INTO `t_consume_statistic` VALUES (347, 'ELECTRIC', 114, '2022-03-11', 215, 'GROUP');
INSERT INTO `t_consume_statistic` VALUES (348, 'MEAL_EXPENSE', 160, '2022-03-11', 449, 'GROUP');
INSERT INTO `t_consume_statistic` VALUES (349, 'OTHER', 662, '2022-03-11', 243, 'GROUP');
INSERT INTO `t_consume_statistic` VALUES (350, NULL, 1129, '2022-03-11', 1154, 'ALL');
INSERT INTO `t_consume_statistic` VALUES (351, 'WATER', 726, '2022-03-12', 296, 'GROUP');
INSERT INTO `t_consume_statistic` VALUES (352, 'ELECTRIC', 429, '2022-03-12', 191, 'GROUP');
INSERT INTO `t_consume_statistic` VALUES (353, 'MEAL_EXPENSE', 919, '2022-03-12', 327, 'GROUP');
INSERT INTO `t_consume_statistic` VALUES (354, 'OTHER', 274, '2022-03-12', 85, 'GROUP');
INSERT INTO `t_consume_statistic` VALUES (355, NULL, 2348, '2022-03-12', 899, 'ALL');
INSERT INTO `t_consume_statistic` VALUES (356, 'WATER', 461, '2022-03-13', 175, 'GROUP');
INSERT INTO `t_consume_statistic` VALUES (357, 'ELECTRIC', 144, '2022-03-13', 441, 'GROUP');
INSERT INTO `t_consume_statistic` VALUES (358, 'MEAL_EXPENSE', 547, '2022-03-13', 351, 'GROUP');
INSERT INTO `t_consume_statistic` VALUES (359, 'OTHER', 671, '2022-03-13', 136, 'GROUP');
INSERT INTO `t_consume_statistic` VALUES (360, NULL, 1823, '2022-03-13', 1103, 'ALL');
INSERT INTO `t_consume_statistic` VALUES (361, 'WATER', 109, '2022-03-14', 274, 'GROUP');
INSERT INTO `t_consume_statistic` VALUES (362, 'ELECTRIC', 879, '2022-03-14', 102, 'GROUP');
INSERT INTO `t_consume_statistic` VALUES (363, 'MEAL_EXPENSE', 455, '2022-03-14', 87, 'GROUP');
INSERT INTO `t_consume_statistic` VALUES (364, 'OTHER', 517, '2022-03-14', 201, 'GROUP');
INSERT INTO `t_consume_statistic` VALUES (365, NULL, 1960, '2022-03-14', 664, 'ALL');
INSERT INTO `t_consume_statistic` VALUES (366, 'WATER', 94, '2022-03-15', 321, 'GROUP');
INSERT INTO `t_consume_statistic` VALUES (367, 'ELECTRIC', 47, '2022-03-15', 289, 'GROUP');
INSERT INTO `t_consume_statistic` VALUES (368, 'MEAL_EXPENSE', 594, '2022-03-15', 385, 'GROUP');
INSERT INTO `t_consume_statistic` VALUES (369, 'OTHER', 928, '2022-03-15', 414, 'GROUP');
INSERT INTO `t_consume_statistic` VALUES (370, NULL, 1663, '2022-03-15', 1409, 'ALL');
INSERT INTO `t_consume_statistic` VALUES (371, 'WATER', 878, '2022-03-16', 477, 'GROUP');
INSERT INTO `t_consume_statistic` VALUES (372, 'ELECTRIC', 142, '2022-03-16', 146, 'GROUP');
INSERT INTO `t_consume_statistic` VALUES (373, 'MEAL_EXPENSE', 583, '2022-03-16', 17, 'GROUP');
INSERT INTO `t_consume_statistic` VALUES (374, 'OTHER', 787, '2022-03-16', 56, 'GROUP');
INSERT INTO `t_consume_statistic` VALUES (375, NULL, 2390, '2022-03-16', 696, 'ALL');
INSERT INTO `t_consume_statistic` VALUES (376, 'WATER', 406, '2022-03-17', 473, 'GROUP');
INSERT INTO `t_consume_statistic` VALUES (377, 'ELECTRIC', 396, '2022-03-17', 4, 'GROUP');
INSERT INTO `t_consume_statistic` VALUES (378, 'MEAL_EXPENSE', 659, '2022-03-17', 283, 'GROUP');
INSERT INTO `t_consume_statistic` VALUES (379, 'OTHER', 661, '2022-03-17', 445, 'GROUP');
INSERT INTO `t_consume_statistic` VALUES (380, NULL, 2122, '2022-03-17', 1205, 'ALL');
INSERT INTO `t_consume_statistic` VALUES (381, 'WATER', 248, '2022-03-18', 229, 'GROUP');
INSERT INTO `t_consume_statistic` VALUES (382, 'ELECTRIC', 220, '2022-03-18', 494, 'GROUP');
INSERT INTO `t_consume_statistic` VALUES (383, 'MEAL_EXPENSE', 542, '2022-03-18', 245, 'GROUP');
INSERT INTO `t_consume_statistic` VALUES (384, 'OTHER', 193, '2022-03-18', 43, 'GROUP');
INSERT INTO `t_consume_statistic` VALUES (385, NULL, 1203, '2022-03-18', 1011, 'ALL');
INSERT INTO `t_consume_statistic` VALUES (386, 'WATER', 140, '2022-03-19', 53, 'GROUP');
INSERT INTO `t_consume_statistic` VALUES (387, 'ELECTRIC', 887, '2022-03-19', 405, 'GROUP');
INSERT INTO `t_consume_statistic` VALUES (388, 'MEAL_EXPENSE', 98, '2022-03-19', 123, 'GROUP');
INSERT INTO `t_consume_statistic` VALUES (389, 'OTHER', 164, '2022-03-19', 240, 'GROUP');
INSERT INTO `t_consume_statistic` VALUES (390, NULL, 1289, '2022-03-19', 821, 'ALL');
INSERT INTO `t_consume_statistic` VALUES (391, 'WATER', 15, '2022-03-20', 24, 'GROUP');
INSERT INTO `t_consume_statistic` VALUES (392, 'ELECTRIC', 364, '2022-03-20', 113, 'GROUP');
INSERT INTO `t_consume_statistic` VALUES (393, 'MEAL_EXPENSE', 40, '2022-03-20', 475, 'GROUP');
INSERT INTO `t_consume_statistic` VALUES (394, 'OTHER', 671, '2022-03-20', 290, 'GROUP');
INSERT INTO `t_consume_statistic` VALUES (395, NULL, 1090, '2022-03-20', 902, 'ALL');
INSERT INTO `t_consume_statistic` VALUES (396, 'WATER', 81, '2022-03-21', 462, 'GROUP');
INSERT INTO `t_consume_statistic` VALUES (397, 'ELECTRIC', 731, '2022-03-21', 314, 'GROUP');
INSERT INTO `t_consume_statistic` VALUES (398, 'MEAL_EXPENSE', 305, '2022-03-21', 410, 'GROUP');
INSERT INTO `t_consume_statistic` VALUES (399, 'OTHER', 384, '2022-03-21', 79, 'GROUP');
INSERT INTO `t_consume_statistic` VALUES (400, NULL, 1501, '2022-03-21', 1265, 'ALL');
INSERT INTO `t_consume_statistic` VALUES (401, 'WATER', 800, '2022-03-22', 460, 'GROUP');
INSERT INTO `t_consume_statistic` VALUES (402, 'ELECTRIC', 512, '2022-03-22', 274, 'GROUP');
INSERT INTO `t_consume_statistic` VALUES (403, 'MEAL_EXPENSE', 315, '2022-03-22', 155, 'GROUP');
INSERT INTO `t_consume_statistic` VALUES (404, 'OTHER', 122, '2022-03-22', 420, 'GROUP');
INSERT INTO `t_consume_statistic` VALUES (405, NULL, 1749, '2022-03-22', 1309, 'ALL');
INSERT INTO `t_consume_statistic` VALUES (406, 'WATER', 719, '2022-03-23', 333, 'GROUP');
INSERT INTO `t_consume_statistic` VALUES (407, 'ELECTRIC', 549, '2022-03-23', 310, 'GROUP');
INSERT INTO `t_consume_statistic` VALUES (408, 'MEAL_EXPENSE', 746, '2022-03-23', 117, 'GROUP');
INSERT INTO `t_consume_statistic` VALUES (409, 'OTHER', 25, '2022-03-23', 328, 'GROUP');
INSERT INTO `t_consume_statistic` VALUES (410, NULL, 2039, '2022-03-23', 1088, 'ALL');
INSERT INTO `t_consume_statistic` VALUES (411, 'WATER', 898, '2022-03-24', 479, 'GROUP');
INSERT INTO `t_consume_statistic` VALUES (412, 'ELECTRIC', 320, '2022-03-24', 293, 'GROUP');
INSERT INTO `t_consume_statistic` VALUES (413, 'MEAL_EXPENSE', 711, '2022-03-24', 307, 'GROUP');
INSERT INTO `t_consume_statistic` VALUES (414, 'OTHER', 642, '2022-03-24', 309, 'GROUP');
INSERT INTO `t_consume_statistic` VALUES (415, NULL, 2571, '2022-03-24', 1388, 'ALL');
INSERT INTO `t_consume_statistic` VALUES (416, 'WATER', 816, '2022-03-25', 166, 'GROUP');
INSERT INTO `t_consume_statistic` VALUES (417, 'ELECTRIC', 547, '2022-03-25', 233, 'GROUP');
INSERT INTO `t_consume_statistic` VALUES (418, 'MEAL_EXPENSE', 434, '2022-03-25', 249, 'GROUP');
INSERT INTO `t_consume_statistic` VALUES (419, 'OTHER', 33, '2022-03-25', 158, 'GROUP');
INSERT INTO `t_consume_statistic` VALUES (420, NULL, 1830, '2022-03-25', 806, 'ALL');
INSERT INTO `t_consume_statistic` VALUES (421, 'WATER', 847, '2022-03-26', 39, 'GROUP');
INSERT INTO `t_consume_statistic` VALUES (422, 'ELECTRIC', 59, '2022-03-26', 105, 'GROUP');
INSERT INTO `t_consume_statistic` VALUES (423, 'MEAL_EXPENSE', 555, '2022-03-26', 62, 'GROUP');
INSERT INTO `t_consume_statistic` VALUES (424, 'OTHER', 903, '2022-03-26', 407, 'GROUP');
INSERT INTO `t_consume_statistic` VALUES (425, NULL, 2364, '2022-03-26', 613, 'ALL');
INSERT INTO `t_consume_statistic` VALUES (426, 'WATER', 279, '2022-03-27', 261, 'GROUP');
INSERT INTO `t_consume_statistic` VALUES (427, 'ELECTRIC', 439, '2022-03-27', 0, 'GROUP');
INSERT INTO `t_consume_statistic` VALUES (428, 'MEAL_EXPENSE', 633, '2022-03-27', 201, 'GROUP');
INSERT INTO `t_consume_statistic` VALUES (429, 'OTHER', 656, '2022-03-27', 313, 'GROUP');
INSERT INTO `t_consume_statistic` VALUES (430, NULL, 2007, '2022-03-27', 775, 'ALL');
INSERT INTO `t_consume_statistic` VALUES (431, 'WATER', 231, '2022-03-28', 40, 'GROUP');
INSERT INTO `t_consume_statistic` VALUES (432, 'ELECTRIC', 382, '2022-03-28', 310, 'GROUP');
INSERT INTO `t_consume_statistic` VALUES (433, 'MEAL_EXPENSE', 870, '2022-03-28', 125, 'GROUP');
INSERT INTO `t_consume_statistic` VALUES (434, 'OTHER', 988, '2022-03-28', 493, 'GROUP');
INSERT INTO `t_consume_statistic` VALUES (435, NULL, 2471, '2022-03-28', 968, 'ALL');
INSERT INTO `t_consume_statistic` VALUES (436, 'WATER', 203, '2022-03-29', 474, 'GROUP');
INSERT INTO `t_consume_statistic` VALUES (437, 'ELECTRIC', 527, '2022-03-29', 316, 'GROUP');
INSERT INTO `t_consume_statistic` VALUES (438, 'MEAL_EXPENSE', 622, '2022-03-29', 126, 'GROUP');
INSERT INTO `t_consume_statistic` VALUES (439, 'OTHER', 326, '2022-03-29', 440, 'GROUP');
INSERT INTO `t_consume_statistic` VALUES (440, NULL, 1678, '2022-03-29', 1356, 'ALL');
INSERT INTO `t_consume_statistic` VALUES (441, 'WATER', 999, '2022-03-30', 290, 'GROUP');
INSERT INTO `t_consume_statistic` VALUES (442, 'ELECTRIC', 825, '2022-03-30', 432, 'GROUP');
INSERT INTO `t_consume_statistic` VALUES (443, 'MEAL_EXPENSE', 168, '2022-03-30', 127, 'GROUP');
INSERT INTO `t_consume_statistic` VALUES (444, 'OTHER', 259, '2022-03-30', 123, 'GROUP');
INSERT INTO `t_consume_statistic` VALUES (445, NULL, 2251, '2022-03-30', 972, 'ALL');
INSERT INTO `t_consume_statistic` VALUES (446, 'WATER', 728, '2022-03-31', 250, 'GROUP');
INSERT INTO `t_consume_statistic` VALUES (447, 'ELECTRIC', 683, '2022-03-31', 378, 'GROUP');
INSERT INTO `t_consume_statistic` VALUES (448, 'MEAL_EXPENSE', 491, '2022-03-31', 48, 'GROUP');
INSERT INTO `t_consume_statistic` VALUES (449, 'OTHER', 270, '2022-03-31', 401, 'GROUP');
INSERT INTO `t_consume_statistic` VALUES (450, NULL, 2172, '2022-03-31', 1077, 'ALL');
INSERT INTO `t_consume_statistic` VALUES (451, 'WATER', 340, '2022-04-01', 63, 'GROUP');
INSERT INTO `t_consume_statistic` VALUES (452, 'ELECTRIC', 776, '2022-04-01', 387, 'GROUP');
INSERT INTO `t_consume_statistic` VALUES (453, 'MEAL_EXPENSE', 814, '2022-04-01', 428, 'GROUP');
INSERT INTO `t_consume_statistic` VALUES (454, 'OTHER', 974, '2022-04-01', 324, 'GROUP');
INSERT INTO `t_consume_statistic` VALUES (455, NULL, 2904, '2022-04-01', 1202, 'ALL');
INSERT INTO `t_consume_statistic` VALUES (456, 'WATER', 585, '2022-04-02', 189, 'GROUP');
INSERT INTO `t_consume_statistic` VALUES (457, 'ELECTRIC', 639, '2022-04-02', 258, 'GROUP');
INSERT INTO `t_consume_statistic` VALUES (458, 'MEAL_EXPENSE', 481, '2022-04-02', 451, 'GROUP');
INSERT INTO `t_consume_statistic` VALUES (459, 'OTHER', 198, '2022-04-02', 185, 'GROUP');
INSERT INTO `t_consume_statistic` VALUES (460, NULL, 1903, '2022-04-02', 1083, 'ALL');
INSERT INTO `t_consume_statistic` VALUES (461, 'WATER', 567, '2022-04-03', 197, 'GROUP');
INSERT INTO `t_consume_statistic` VALUES (462, 'ELECTRIC', 295, '2022-04-03', 20, 'GROUP');
INSERT INTO `t_consume_statistic` VALUES (463, 'MEAL_EXPENSE', 771, '2022-04-03', 138, 'GROUP');
INSERT INTO `t_consume_statistic` VALUES (464, 'OTHER', 305, '2022-04-03', 286, 'GROUP');
INSERT INTO `t_consume_statistic` VALUES (465, NULL, 1938, '2022-04-03', 641, 'ALL');
INSERT INTO `t_consume_statistic` VALUES (466, 'WATER', 858, '2022-04-04', 415, 'GROUP');
INSERT INTO `t_consume_statistic` VALUES (467, 'ELECTRIC', 770, '2022-04-04', 420, 'GROUP');
INSERT INTO `t_consume_statistic` VALUES (468, 'MEAL_EXPENSE', 129, '2022-04-04', 247, 'GROUP');
INSERT INTO `t_consume_statistic` VALUES (469, 'OTHER', 556, '2022-04-04', 332, 'GROUP');
INSERT INTO `t_consume_statistic` VALUES (470, NULL, 2313, '2022-04-04', 1414, 'ALL');
INSERT INTO `t_consume_statistic` VALUES (471, 'WATER', 808, '2022-04-05', 401, 'GROUP');
INSERT INTO `t_consume_statistic` VALUES (472, 'ELECTRIC', 977, '2022-04-05', 356, 'GROUP');
INSERT INTO `t_consume_statistic` VALUES (473, 'MEAL_EXPENSE', 99, '2022-04-05', 331, 'GROUP');
INSERT INTO `t_consume_statistic` VALUES (474, 'OTHER', 842, '2022-04-05', 118, 'GROUP');
INSERT INTO `t_consume_statistic` VALUES (475, NULL, 2726, '2022-04-05', 1206, 'ALL');
INSERT INTO `t_consume_statistic` VALUES (476, 'WATER', 736, '2022-04-06', 307, 'GROUP');
INSERT INTO `t_consume_statistic` VALUES (477, 'ELECTRIC', 848, '2022-04-06', 454, 'GROUP');
INSERT INTO `t_consume_statistic` VALUES (478, 'MEAL_EXPENSE', 945, '2022-04-06', 226, 'GROUP');
INSERT INTO `t_consume_statistic` VALUES (479, 'OTHER', 381, '2022-04-06', 467, 'GROUP');
INSERT INTO `t_consume_statistic` VALUES (480, NULL, 2910, '2022-04-06', 1454, 'ALL');
INSERT INTO `t_consume_statistic` VALUES (481, 'WATER', 142, '2022-04-07', 154, 'GROUP');
INSERT INTO `t_consume_statistic` VALUES (482, 'ELECTRIC', 734, '2022-04-07', 387, 'GROUP');
INSERT INTO `t_consume_statistic` VALUES (483, 'MEAL_EXPENSE', 485, '2022-04-07', 211, 'GROUP');
INSERT INTO `t_consume_statistic` VALUES (484, 'OTHER', 474, '2022-04-07', 495, 'GROUP');
INSERT INTO `t_consume_statistic` VALUES (485, NULL, 1835, '2022-04-07', 1247, 'ALL');
INSERT INTO `t_consume_statistic` VALUES (486, 'WATER', 756, '2022-04-08', 180, 'GROUP');
INSERT INTO `t_consume_statistic` VALUES (487, 'ELECTRIC', 45, '2022-04-08', 234, 'GROUP');
INSERT INTO `t_consume_statistic` VALUES (488, 'MEAL_EXPENSE', 233, '2022-04-08', 276, 'GROUP');
INSERT INTO `t_consume_statistic` VALUES (489, 'OTHER', 936, '2022-04-08', 407, 'GROUP');
INSERT INTO `t_consume_statistic` VALUES (490, NULL, 1970, '2022-04-08', 1097, 'ALL');
INSERT INTO `t_consume_statistic` VALUES (491, 'WATER', 710, '2022-04-09', 467, 'GROUP');
INSERT INTO `t_consume_statistic` VALUES (492, 'ELECTRIC', 831, '2022-04-09', 330, 'GROUP');
INSERT INTO `t_consume_statistic` VALUES (493, 'MEAL_EXPENSE', 639, '2022-04-09', 149, 'GROUP');
INSERT INTO `t_consume_statistic` VALUES (494, 'OTHER', 220, '2022-04-09', 469, 'GROUP');
INSERT INTO `t_consume_statistic` VALUES (495, NULL, 2400, '2022-04-09', 1415, 'ALL');
INSERT INTO `t_consume_statistic` VALUES (496, 'WATER', 113, '2022-04-10', 316, 'GROUP');
INSERT INTO `t_consume_statistic` VALUES (497, 'ELECTRIC', 478, '2022-04-10', 376, 'GROUP');
INSERT INTO `t_consume_statistic` VALUES (498, 'MEAL_EXPENSE', 440, '2022-04-10', 286, 'GROUP');
INSERT INTO `t_consume_statistic` VALUES (499, 'OTHER', 926, '2022-04-10', 397, 'GROUP');
INSERT INTO `t_consume_statistic` VALUES (500, NULL, 1957, '2022-04-10', 1375, 'ALL');
INSERT INTO `t_consume_statistic` VALUES (501, 'WATER', 383, '2022-04-11', 350, 'GROUP');
INSERT INTO `t_consume_statistic` VALUES (502, 'ELECTRIC', 797, '2022-04-11', 31, 'GROUP');
INSERT INTO `t_consume_statistic` VALUES (503, 'MEAL_EXPENSE', 251, '2022-04-11', 223, 'GROUP');
INSERT INTO `t_consume_statistic` VALUES (504, 'OTHER', 929, '2022-04-11', 56, 'GROUP');
INSERT INTO `t_consume_statistic` VALUES (505, NULL, 2360, '2022-04-11', 660, 'ALL');
INSERT INTO `t_consume_statistic` VALUES (506, 'WATER', 473, '2022-04-12', 106, 'GROUP');
INSERT INTO `t_consume_statistic` VALUES (507, 'ELECTRIC', 447, '2022-04-12', 194, 'GROUP');
INSERT INTO `t_consume_statistic` VALUES (508, 'MEAL_EXPENSE', 816, '2022-04-12', 192, 'GROUP');
INSERT INTO `t_consume_statistic` VALUES (509, 'OTHER', 912, '2022-04-12', 101, 'GROUP');
INSERT INTO `t_consume_statistic` VALUES (510, NULL, 2648, '2022-04-12', 593, 'ALL');
INSERT INTO `t_consume_statistic` VALUES (511, 'WATER', 565, '2022-04-13', 21, 'GROUP');
INSERT INTO `t_consume_statistic` VALUES (512, 'ELECTRIC', 199, '2022-04-13', 301, 'GROUP');
INSERT INTO `t_consume_statistic` VALUES (513, 'MEAL_EXPENSE', 359, '2022-04-13', 62, 'GROUP');
INSERT INTO `t_consume_statistic` VALUES (514, 'OTHER', 402, '2022-04-13', 267, 'GROUP');
INSERT INTO `t_consume_statistic` VALUES (515, NULL, 1525, '2022-04-13', 651, 'ALL');
INSERT INTO `t_consume_statistic` VALUES (516, 'WATER', 808, '2022-04-14', 175, 'GROUP');
INSERT INTO `t_consume_statistic` VALUES (517, 'ELECTRIC', 798, '2022-04-14', 27, 'GROUP');
INSERT INTO `t_consume_statistic` VALUES (518, 'MEAL_EXPENSE', 590, '2022-04-14', 308, 'GROUP');
INSERT INTO `t_consume_statistic` VALUES (519, 'OTHER', 250, '2022-04-14', 393, 'GROUP');
INSERT INTO `t_consume_statistic` VALUES (520, NULL, 2446, '2022-04-14', 903, 'ALL');
INSERT INTO `t_consume_statistic` VALUES (521, 'WATER', 154, '2022-04-15', 439, 'GROUP');
INSERT INTO `t_consume_statistic` VALUES (522, 'ELECTRIC', 267, '2022-04-15', 416, 'GROUP');
INSERT INTO `t_consume_statistic` VALUES (523, 'MEAL_EXPENSE', 351, '2022-04-15', 115, 'GROUP');
INSERT INTO `t_consume_statistic` VALUES (524, 'OTHER', 675, '2022-04-15', 394, 'GROUP');
INSERT INTO `t_consume_statistic` VALUES (525, NULL, 1447, '2022-04-15', 1364, 'ALL');
INSERT INTO `t_consume_statistic` VALUES (526, 'WATER', 504, '2022-04-16', 360, 'GROUP');
INSERT INTO `t_consume_statistic` VALUES (527, 'ELECTRIC', 444, '2022-04-16', 4, 'GROUP');
INSERT INTO `t_consume_statistic` VALUES (528, 'MEAL_EXPENSE', 339, '2022-04-16', 435, 'GROUP');
INSERT INTO `t_consume_statistic` VALUES (529, 'OTHER', 521, '2022-04-16', 447, 'GROUP');
INSERT INTO `t_consume_statistic` VALUES (530, NULL, 1808, '2022-04-16', 1246, 'ALL');
INSERT INTO `t_consume_statistic` VALUES (531, 'WATER', 284, '2022-04-17', 452, 'GROUP');
INSERT INTO `t_consume_statistic` VALUES (532, 'ELECTRIC', 341, '2022-04-17', 252, 'GROUP');
INSERT INTO `t_consume_statistic` VALUES (533, 'MEAL_EXPENSE', 610, '2022-04-17', 117, 'GROUP');
INSERT INTO `t_consume_statistic` VALUES (534, 'OTHER', 899, '2022-04-17', 143, 'GROUP');
INSERT INTO `t_consume_statistic` VALUES (535, NULL, 2134, '2022-04-17', 964, 'ALL');
INSERT INTO `t_consume_statistic` VALUES (536, 'WATER', 468, '2022-04-18', 19, 'GROUP');
INSERT INTO `t_consume_statistic` VALUES (537, 'ELECTRIC', 523, '2022-04-18', 124, 'GROUP');
INSERT INTO `t_consume_statistic` VALUES (538, 'MEAL_EXPENSE', 885, '2022-04-18', 369, 'GROUP');
INSERT INTO `t_consume_statistic` VALUES (539, 'OTHER', 244, '2022-04-18', 328, 'GROUP');
INSERT INTO `t_consume_statistic` VALUES (540, NULL, 2120, '2022-04-18', 840, 'ALL');
INSERT INTO `t_consume_statistic` VALUES (541, 'WATER', 588, '2022-04-19', 3, 'GROUP');
INSERT INTO `t_consume_statistic` VALUES (542, 'ELECTRIC', 806, '2022-04-19', 34, 'GROUP');
INSERT INTO `t_consume_statistic` VALUES (543, 'MEAL_EXPENSE', 458, '2022-04-19', 83, 'GROUP');
INSERT INTO `t_consume_statistic` VALUES (544, 'OTHER', 173, '2022-04-19', 113, 'GROUP');
INSERT INTO `t_consume_statistic` VALUES (545, NULL, 2025, '2022-04-19', 233, 'ALL');
INSERT INTO `t_consume_statistic` VALUES (546, 'WATER', 508, '2022-04-20', 447, 'GROUP');
INSERT INTO `t_consume_statistic` VALUES (547, 'ELECTRIC', 573, '2022-04-20', 143, 'GROUP');
INSERT INTO `t_consume_statistic` VALUES (548, 'MEAL_EXPENSE', 416, '2022-04-20', 496, 'GROUP');
INSERT INTO `t_consume_statistic` VALUES (549, 'OTHER', 641, '2022-04-20', 388, 'GROUP');
INSERT INTO `t_consume_statistic` VALUES (550, NULL, 2138, '2022-04-20', 1474, 'ALL');
INSERT INTO `t_consume_statistic` VALUES (551, 'WATER', 209, '2022-04-21', 208, 'GROUP');
INSERT INTO `t_consume_statistic` VALUES (552, 'ELECTRIC', 178, '2022-04-21', 206, 'GROUP');
INSERT INTO `t_consume_statistic` VALUES (553, 'MEAL_EXPENSE', 624, '2022-04-21', 109, 'GROUP');
INSERT INTO `t_consume_statistic` VALUES (554, 'OTHER', 822, '2022-04-21', 198, 'GROUP');
INSERT INTO `t_consume_statistic` VALUES (555, NULL, 1833, '2022-04-21', 721, 'ALL');
INSERT INTO `t_consume_statistic` VALUES (556, 'WATER', 843, '2022-04-22', 266, 'GROUP');
INSERT INTO `t_consume_statistic` VALUES (557, 'ELECTRIC', 722, '2022-04-22', 242, 'GROUP');
INSERT INTO `t_consume_statistic` VALUES (558, 'MEAL_EXPENSE', 71, '2022-04-22', 447, 'GROUP');
INSERT INTO `t_consume_statistic` VALUES (559, 'OTHER', 649, '2022-04-22', 315, 'GROUP');
INSERT INTO `t_consume_statistic` VALUES (560, NULL, 2285, '2022-04-22', 1270, 'ALL');
INSERT INTO `t_consume_statistic` VALUES (561, 'WATER', 494, '2022-04-23', 456, 'GROUP');
INSERT INTO `t_consume_statistic` VALUES (562, 'ELECTRIC', 455, '2022-04-23', 476, 'GROUP');
INSERT INTO `t_consume_statistic` VALUES (563, 'MEAL_EXPENSE', 590, '2022-04-23', 463, 'GROUP');
INSERT INTO `t_consume_statistic` VALUES (564, 'OTHER', 915, '2022-04-23', 381, 'GROUP');
INSERT INTO `t_consume_statistic` VALUES (565, NULL, 2454, '2022-04-23', 1776, 'ALL');
INSERT INTO `t_consume_statistic` VALUES (566, 'WATER', 557, '2022-04-24', 429, 'GROUP');
INSERT INTO `t_consume_statistic` VALUES (567, 'ELECTRIC', 504, '2022-04-24', 438, 'GROUP');
INSERT INTO `t_consume_statistic` VALUES (568, 'MEAL_EXPENSE', 518, '2022-04-24', 481, 'GROUP');
INSERT INTO `t_consume_statistic` VALUES (569, 'OTHER', 40, '2022-04-24', 159, 'GROUP');
INSERT INTO `t_consume_statistic` VALUES (570, NULL, 1619, '2022-04-24', 1507, 'ALL');
INSERT INTO `t_consume_statistic` VALUES (571, 'WATER', 655, '2022-04-25', 397, 'GROUP');
INSERT INTO `t_consume_statistic` VALUES (572, 'ELECTRIC', 144, '2022-04-25', 142, 'GROUP');
INSERT INTO `t_consume_statistic` VALUES (573, 'MEAL_EXPENSE', 124, '2022-04-25', 310, 'GROUP');
INSERT INTO `t_consume_statistic` VALUES (574, 'OTHER', 462, '2022-04-25', 466, 'GROUP');
INSERT INTO `t_consume_statistic` VALUES (575, NULL, 1385, '2022-04-25', 1315, 'ALL');
INSERT INTO `t_consume_statistic` VALUES (576, 'WATER', 377, '2022-04-26', 400, 'GROUP');
INSERT INTO `t_consume_statistic` VALUES (577, 'ELECTRIC', 783, '2022-04-26', 446, 'GROUP');
INSERT INTO `t_consume_statistic` VALUES (578, 'MEAL_EXPENSE', 578, '2022-04-26', 36, 'GROUP');
INSERT INTO `t_consume_statistic` VALUES (579, 'OTHER', 781, '2022-04-26', 337, 'GROUP');
INSERT INTO `t_consume_statistic` VALUES (580, NULL, 2519, '2022-04-26', 1219, 'ALL');
INSERT INTO `t_consume_statistic` VALUES (581, 'WATER', 112, '2022-04-27', 185, 'GROUP');
INSERT INTO `t_consume_statistic` VALUES (582, 'ELECTRIC', 370, '2022-04-27', 496, 'GROUP');
INSERT INTO `t_consume_statistic` VALUES (583, 'MEAL_EXPENSE', 683, '2022-04-27', 55, 'GROUP');
INSERT INTO `t_consume_statistic` VALUES (584, 'OTHER', 25, '2022-04-27', 237, 'GROUP');
INSERT INTO `t_consume_statistic` VALUES (585, NULL, 1190, '2022-04-27', 973, 'ALL');
INSERT INTO `t_consume_statistic` VALUES (586, 'WATER', 829, '2022-04-28', 290, 'GROUP');
INSERT INTO `t_consume_statistic` VALUES (587, 'ELECTRIC', 416, '2022-04-28', 86, 'GROUP');
INSERT INTO `t_consume_statistic` VALUES (588, 'MEAL_EXPENSE', 579, '2022-04-28', 245, 'GROUP');
INSERT INTO `t_consume_statistic` VALUES (589, 'OTHER', 560, '2022-04-28', 153, 'GROUP');
INSERT INTO `t_consume_statistic` VALUES (590, NULL, 2384, '2022-04-28', 774, 'ALL');
INSERT INTO `t_consume_statistic` VALUES (591, 'WATER', 441, '2022-04-29', 293, 'GROUP');
INSERT INTO `t_consume_statistic` VALUES (592, 'ELECTRIC', 162, '2022-04-29', 239, 'GROUP');
INSERT INTO `t_consume_statistic` VALUES (593, 'MEAL_EXPENSE', 93, '2022-04-29', 425, 'GROUP');
INSERT INTO `t_consume_statistic` VALUES (594, 'OTHER', 196, '2022-04-29', 292, 'GROUP');
INSERT INTO `t_consume_statistic` VALUES (595, NULL, 892, '2022-04-29', 1249, 'ALL');
INSERT INTO `t_consume_statistic` VALUES (596, 'WATER', 652, '2022-04-30', 161, 'GROUP');
INSERT INTO `t_consume_statistic` VALUES (597, 'ELECTRIC', 66, '2022-04-30', 232, 'GROUP');
INSERT INTO `t_consume_statistic` VALUES (598, 'MEAL_EXPENSE', 189, '2022-04-30', 323, 'GROUP');
INSERT INTO `t_consume_statistic` VALUES (599, 'OTHER', 338, '2022-04-30', 455, 'GROUP');
INSERT INTO `t_consume_statistic` VALUES (600, NULL, 1245, '2022-04-30', 1171, 'ALL');
INSERT INTO `t_consume_statistic` VALUES (601, 'WATER', 289, '2022-05-01', 336, 'GROUP');
INSERT INTO `t_consume_statistic` VALUES (602, 'ELECTRIC', 370, '2022-05-01', 134, 'GROUP');
INSERT INTO `t_consume_statistic` VALUES (603, 'MEAL_EXPENSE', 738, '2022-05-01', 85, 'GROUP');
INSERT INTO `t_consume_statistic` VALUES (604, 'OTHER', 105, '2022-05-01', 478, 'GROUP');
INSERT INTO `t_consume_statistic` VALUES (605, NULL, 1502, '2022-05-01', 1033, 'ALL');
INSERT INTO `t_consume_statistic` VALUES (606, 'WATER', 284, '2022-05-02', 325, 'GROUP');
INSERT INTO `t_consume_statistic` VALUES (607, 'ELECTRIC', 765, '2022-05-02', 147, 'GROUP');
INSERT INTO `t_consume_statistic` VALUES (608, 'MEAL_EXPENSE', 296, '2022-05-02', 186, 'GROUP');
INSERT INTO `t_consume_statistic` VALUES (609, 'OTHER', 862, '2022-05-02', 238, 'GROUP');
INSERT INTO `t_consume_statistic` VALUES (610, NULL, 2207, '2022-05-02', 896, 'ALL');
INSERT INTO `t_consume_statistic` VALUES (611, 'WATER', 615, '2022-05-03', 240, 'GROUP');
INSERT INTO `t_consume_statistic` VALUES (612, 'ELECTRIC', 820, '2022-05-03', 91, 'GROUP');
INSERT INTO `t_consume_statistic` VALUES (613, 'MEAL_EXPENSE', 293, '2022-05-03', 465, 'GROUP');
INSERT INTO `t_consume_statistic` VALUES (614, 'OTHER', 774, '2022-05-03', 76, 'GROUP');
INSERT INTO `t_consume_statistic` VALUES (615, NULL, 2502, '2022-05-03', 872, 'ALL');
INSERT INTO `t_consume_statistic` VALUES (616, 'WATER', 265, '2022-05-04', 152, 'GROUP');
INSERT INTO `t_consume_statistic` VALUES (617, 'ELECTRIC', 901, '2022-05-04', 190, 'GROUP');
INSERT INTO `t_consume_statistic` VALUES (618, 'MEAL_EXPENSE', 33, '2022-05-04', 260, 'GROUP');
INSERT INTO `t_consume_statistic` VALUES (619, 'OTHER', 303, '2022-05-04', 332, 'GROUP');
INSERT INTO `t_consume_statistic` VALUES (620, NULL, 1502, '2022-05-04', 934, 'ALL');
INSERT INTO `t_consume_statistic` VALUES (621, 'WATER', 463, '2022-05-05', 101, 'GROUP');
INSERT INTO `t_consume_statistic` VALUES (622, 'ELECTRIC', 228, '2022-05-05', 445, 'GROUP');
INSERT INTO `t_consume_statistic` VALUES (623, 'MEAL_EXPENSE', 614, '2022-05-05', 470, 'GROUP');
INSERT INTO `t_consume_statistic` VALUES (624, 'OTHER', 847, '2022-05-05', 167, 'GROUP');
INSERT INTO `t_consume_statistic` VALUES (625, NULL, 2152, '2022-05-05', 1183, 'ALL');
INSERT INTO `t_consume_statistic` VALUES (626, 'WATER', 818, '2022-05-06', 355, 'GROUP');
INSERT INTO `t_consume_statistic` VALUES (627, 'ELECTRIC', 758, '2022-05-06', 404, 'GROUP');
INSERT INTO `t_consume_statistic` VALUES (628, 'MEAL_EXPENSE', 871, '2022-05-06', 444, 'GROUP');
INSERT INTO `t_consume_statistic` VALUES (629, 'OTHER', 934, '2022-05-06', 266, 'GROUP');
INSERT INTO `t_consume_statistic` VALUES (630, NULL, 3381, '2022-05-06', 1469, 'ALL');
INSERT INTO `t_consume_statistic` VALUES (631, 'WATER', 300, '2022-05-07', 460, 'GROUP');
INSERT INTO `t_consume_statistic` VALUES (632, 'ELECTRIC', 14, '2022-05-07', 90, 'GROUP');
INSERT INTO `t_consume_statistic` VALUES (633, 'MEAL_EXPENSE', 5, '2022-05-07', 353, 'GROUP');
INSERT INTO `t_consume_statistic` VALUES (634, 'OTHER', 136, '2022-05-07', 369, 'GROUP');
INSERT INTO `t_consume_statistic` VALUES (635, NULL, 455, '2022-05-07', 1272, 'ALL');
INSERT INTO `t_consume_statistic` VALUES (636, 'WATER', 962, '2022-05-08', 91, 'GROUP');
INSERT INTO `t_consume_statistic` VALUES (637, 'ELECTRIC', 310, '2022-05-08', 238, 'GROUP');
INSERT INTO `t_consume_statistic` VALUES (638, 'MEAL_EXPENSE', 842, '2022-05-08', 499, 'GROUP');
INSERT INTO `t_consume_statistic` VALUES (639, 'OTHER', 183, '2022-05-08', 32, 'GROUP');
INSERT INTO `t_consume_statistic` VALUES (640, NULL, 2297, '2022-05-08', 860, 'ALL');
INSERT INTO `t_consume_statistic` VALUES (641, 'WATER', 794, '2022-05-09', 306, 'GROUP');
INSERT INTO `t_consume_statistic` VALUES (642, 'ELECTRIC', 761, '2022-05-09', 57, 'GROUP');
INSERT INTO `t_consume_statistic` VALUES (643, 'MEAL_EXPENSE', 620, '2022-05-09', 286, 'GROUP');
INSERT INTO `t_consume_statistic` VALUES (644, 'OTHER', 542, '2022-05-09', 438, 'GROUP');
INSERT INTO `t_consume_statistic` VALUES (645, NULL, 2717, '2022-05-09', 1087, 'ALL');
INSERT INTO `t_consume_statistic` VALUES (646, 'WATER', 192, '2022-05-10', 232, 'GROUP');
INSERT INTO `t_consume_statistic` VALUES (647, 'ELECTRIC', 86, '2022-05-10', 153, 'GROUP');
INSERT INTO `t_consume_statistic` VALUES (648, 'MEAL_EXPENSE', 555, '2022-05-10', 374, 'GROUP');
INSERT INTO `t_consume_statistic` VALUES (649, 'OTHER', 572, '2022-05-10', 24, 'GROUP');
INSERT INTO `t_consume_statistic` VALUES (650, NULL, 1405, '2022-05-10', 783, 'ALL');
INSERT INTO `t_consume_statistic` VALUES (651, 'WATER', 699, '2022-05-11', 87, 'GROUP');
INSERT INTO `t_consume_statistic` VALUES (652, 'ELECTRIC', 66, '2022-05-11', 472, 'GROUP');
INSERT INTO `t_consume_statistic` VALUES (653, 'MEAL_EXPENSE', 817, '2022-05-11', 325, 'GROUP');
INSERT INTO `t_consume_statistic` VALUES (654, 'OTHER', 952, '2022-05-11', 97, 'GROUP');
INSERT INTO `t_consume_statistic` VALUES (655, NULL, 2534, '2022-05-11', 981, 'ALL');
INSERT INTO `t_consume_statistic` VALUES (656, 'WATER', 287, '2022-05-12', 433, 'GROUP');
INSERT INTO `t_consume_statistic` VALUES (657, 'ELECTRIC', 682, '2022-05-12', 29, 'GROUP');
INSERT INTO `t_consume_statistic` VALUES (658, 'MEAL_EXPENSE', 220, '2022-05-12', 209, 'GROUP');
INSERT INTO `t_consume_statistic` VALUES (659, 'OTHER', 746, '2022-05-12', 95, 'GROUP');
INSERT INTO `t_consume_statistic` VALUES (660, NULL, 1935, '2022-05-12', 766, 'ALL');
INSERT INTO `t_consume_statistic` VALUES (661, 'WATER', 320, '2022-05-13', 138, 'GROUP');
INSERT INTO `t_consume_statistic` VALUES (662, 'ELECTRIC', 209, '2022-05-13', 197, 'GROUP');
INSERT INTO `t_consume_statistic` VALUES (663, 'MEAL_EXPENSE', 516, '2022-05-13', 497, 'GROUP');
INSERT INTO `t_consume_statistic` VALUES (664, 'OTHER', 52, '2022-05-13', 340, 'GROUP');
INSERT INTO `t_consume_statistic` VALUES (665, NULL, 1097, '2022-05-13', 1172, 'ALL');
INSERT INTO `t_consume_statistic` VALUES (666, 'WATER', 977, '2022-05-14', 5, 'GROUP');
INSERT INTO `t_consume_statistic` VALUES (667, 'ELECTRIC', 24, '2022-05-14', 110, 'GROUP');
INSERT INTO `t_consume_statistic` VALUES (668, 'MEAL_EXPENSE', 787, '2022-05-14', 368, 'GROUP');
INSERT INTO `t_consume_statistic` VALUES (669, 'OTHER', 579, '2022-05-14', 30, 'GROUP');
INSERT INTO `t_consume_statistic` VALUES (670, NULL, 2367, '2022-05-14', 513, 'ALL');
INSERT INTO `t_consume_statistic` VALUES (671, 'WATER', 42, '2022-05-15', 90, 'GROUP');
INSERT INTO `t_consume_statistic` VALUES (672, 'ELECTRIC', 754, '2022-05-15', 77, 'GROUP');
INSERT INTO `t_consume_statistic` VALUES (673, 'MEAL_EXPENSE', 547, '2022-05-15', 90, 'GROUP');
INSERT INTO `t_consume_statistic` VALUES (674, 'OTHER', 176, '2022-05-15', 223, 'GROUP');
INSERT INTO `t_consume_statistic` VALUES (675, NULL, 1519, '2022-05-15', 480, 'ALL');
INSERT INTO `t_consume_statistic` VALUES (676, 'WATER', 637, '2022-05-16', 346, 'GROUP');
INSERT INTO `t_consume_statistic` VALUES (677, 'ELECTRIC', 241, '2022-05-16', 271, 'GROUP');
INSERT INTO `t_consume_statistic` VALUES (678, 'MEAL_EXPENSE', 187, '2022-05-16', 8, 'GROUP');
INSERT INTO `t_consume_statistic` VALUES (679, 'OTHER', 404, '2022-05-16', 449, 'GROUP');
INSERT INTO `t_consume_statistic` VALUES (680, NULL, 1469, '2022-05-16', 1074, 'ALL');
INSERT INTO `t_consume_statistic` VALUES (681, 'WATER', 912, '2022-05-17', 190, 'GROUP');
INSERT INTO `t_consume_statistic` VALUES (682, 'ELECTRIC', 386, '2022-05-17', 227, 'GROUP');
INSERT INTO `t_consume_statistic` VALUES (683, 'MEAL_EXPENSE', 435, '2022-05-17', 459, 'GROUP');
INSERT INTO `t_consume_statistic` VALUES (684, 'OTHER', 24, '2022-05-17', 307, 'GROUP');
INSERT INTO `t_consume_statistic` VALUES (685, NULL, 1757, '2022-05-17', 1183, 'ALL');
INSERT INTO `t_consume_statistic` VALUES (686, 'WATER', 460, '2022-05-18', 300, 'GROUP');
INSERT INTO `t_consume_statistic` VALUES (687, 'ELECTRIC', 957, '2022-05-18', 101, 'GROUP');
INSERT INTO `t_consume_statistic` VALUES (688, 'MEAL_EXPENSE', 998, '2022-05-18', 386, 'GROUP');
INSERT INTO `t_consume_statistic` VALUES (689, 'OTHER', 311, '2022-05-18', 377, 'GROUP');
INSERT INTO `t_consume_statistic` VALUES (690, NULL, 2726, '2022-05-18', 1164, 'ALL');
INSERT INTO `t_consume_statistic` VALUES (691, 'WATER', 914, '2022-05-19', 123, 'GROUP');
INSERT INTO `t_consume_statistic` VALUES (692, 'ELECTRIC', 127, '2022-05-19', 202, 'GROUP');
INSERT INTO `t_consume_statistic` VALUES (693, 'MEAL_EXPENSE', 340, '2022-05-19', 92, 'GROUP');
INSERT INTO `t_consume_statistic` VALUES (694, 'OTHER', 630, '2022-05-19', 128, 'GROUP');
INSERT INTO `t_consume_statistic` VALUES (695, NULL, 2011, '2022-05-19', 545, 'ALL');
INSERT INTO `t_consume_statistic` VALUES (696, 'WATER', 126, '2022-05-20', 249, 'GROUP');
INSERT INTO `t_consume_statistic` VALUES (697, 'ELECTRIC', 2, '2022-05-20', 396, 'GROUP');
INSERT INTO `t_consume_statistic` VALUES (698, 'MEAL_EXPENSE', 119, '2022-05-20', 259, 'GROUP');
INSERT INTO `t_consume_statistic` VALUES (699, 'OTHER', 183, '2022-05-20', 441, 'GROUP');
INSERT INTO `t_consume_statistic` VALUES (700, NULL, 430, '2022-05-20', 1345, 'ALL');
INSERT INTO `t_consume_statistic` VALUES (701, 'WATER', 739, '2022-05-21', 361, 'GROUP');
INSERT INTO `t_consume_statistic` VALUES (702, 'ELECTRIC', 540, '2022-05-21', 317, 'GROUP');
INSERT INTO `t_consume_statistic` VALUES (703, 'MEAL_EXPENSE', 619, '2022-05-21', 414, 'GROUP');
INSERT INTO `t_consume_statistic` VALUES (704, 'OTHER', 266, '2022-05-21', 393, 'GROUP');
INSERT INTO `t_consume_statistic` VALUES (705, NULL, 2164, '2022-05-21', 1485, 'ALL');
INSERT INTO `t_consume_statistic` VALUES (706, 'WATER', 262, '2022-05-22', 246, 'GROUP');
INSERT INTO `t_consume_statistic` VALUES (707, 'ELECTRIC', 40, '2022-05-22', 266, 'GROUP');
INSERT INTO `t_consume_statistic` VALUES (708, 'MEAL_EXPENSE', 331, '2022-05-22', 433, 'GROUP');
INSERT INTO `t_consume_statistic` VALUES (709, 'OTHER', 124, '2022-05-22', 305, 'GROUP');
INSERT INTO `t_consume_statistic` VALUES (710, NULL, 757, '2022-05-22', 1250, 'ALL');
INSERT INTO `t_consume_statistic` VALUES (711, 'WATER', 771, '2022-05-23', 361, 'GROUP');
INSERT INTO `t_consume_statistic` VALUES (712, 'ELECTRIC', 122, '2022-05-23', 336, 'GROUP');
INSERT INTO `t_consume_statistic` VALUES (713, 'MEAL_EXPENSE', 350, '2022-05-23', 108, 'GROUP');
INSERT INTO `t_consume_statistic` VALUES (714, 'OTHER', 737, '2022-05-23', 34, 'GROUP');
INSERT INTO `t_consume_statistic` VALUES (715, NULL, 1980, '2022-05-23', 839, 'ALL');
INSERT INTO `t_consume_statistic` VALUES (716, 'WATER', 15, '2022-05-24', 216, 'GROUP');
INSERT INTO `t_consume_statistic` VALUES (717, 'ELECTRIC', 134, '2022-05-24', 364, 'GROUP');
INSERT INTO `t_consume_statistic` VALUES (718, 'MEAL_EXPENSE', 870, '2022-05-24', 33, 'GROUP');
INSERT INTO `t_consume_statistic` VALUES (719, 'OTHER', 376, '2022-05-24', 99, 'GROUP');
INSERT INTO `t_consume_statistic` VALUES (720, NULL, 1395, '2022-05-24', 712, 'ALL');
INSERT INTO `t_consume_statistic` VALUES (721, 'WATER', 383, '2022-05-25', 457, 'GROUP');
INSERT INTO `t_consume_statistic` VALUES (722, 'ELECTRIC', 163, '2022-05-25', 33, 'GROUP');
INSERT INTO `t_consume_statistic` VALUES (723, 'MEAL_EXPENSE', 422, '2022-05-25', 244, 'GROUP');
INSERT INTO `t_consume_statistic` VALUES (724, 'OTHER', 361, '2022-05-25', 14, 'GROUP');
INSERT INTO `t_consume_statistic` VALUES (725, NULL, 1329, '2022-05-25', 748, 'ALL');
INSERT INTO `t_consume_statistic` VALUES (726, 'WATER', 392, '2022-05-26', 382, 'GROUP');
INSERT INTO `t_consume_statistic` VALUES (727, 'ELECTRIC', 432, '2022-05-26', 88, 'GROUP');
INSERT INTO `t_consume_statistic` VALUES (728, 'MEAL_EXPENSE', 450, '2022-05-26', 217, 'GROUP');
INSERT INTO `t_consume_statistic` VALUES (729, 'OTHER', 607, '2022-05-26', 371, 'GROUP');
INSERT INTO `t_consume_statistic` VALUES (730, NULL, 1881, '2022-05-26', 1058, 'ALL');
INSERT INTO `t_consume_statistic` VALUES (731, 'WATER', 479, '2022-05-27', 197, 'GROUP');
INSERT INTO `t_consume_statistic` VALUES (732, 'ELECTRIC', 691, '2022-05-27', 250, 'GROUP');
INSERT INTO `t_consume_statistic` VALUES (733, 'MEAL_EXPENSE', 460, '2022-05-27', 159, 'GROUP');
INSERT INTO `t_consume_statistic` VALUES (734, 'OTHER', 927, '2022-05-27', 379, 'GROUP');
INSERT INTO `t_consume_statistic` VALUES (735, NULL, 2557, '2022-05-27', 985, 'ALL');
INSERT INTO `t_consume_statistic` VALUES (736, 'WATER', 881, '2022-05-28', 342, 'GROUP');
INSERT INTO `t_consume_statistic` VALUES (737, 'ELECTRIC', 323, '2022-05-28', 25, 'GROUP');
INSERT INTO `t_consume_statistic` VALUES (738, 'MEAL_EXPENSE', 280, '2022-05-28', 225, 'GROUP');
INSERT INTO `t_consume_statistic` VALUES (739, 'OTHER', 854, '2022-05-28', 131, 'GROUP');
INSERT INTO `t_consume_statistic` VALUES (740, NULL, 2338, '2022-05-28', 723, 'ALL');
INSERT INTO `t_consume_statistic` VALUES (741, 'WATER', 216, '2022-05-29', 449, 'GROUP');
INSERT INTO `t_consume_statistic` VALUES (742, 'ELECTRIC', 856, '2022-05-29', 273, 'GROUP');
INSERT INTO `t_consume_statistic` VALUES (743, 'MEAL_EXPENSE', 516, '2022-05-29', 350, 'GROUP');
INSERT INTO `t_consume_statistic` VALUES (744, 'OTHER', 778, '2022-05-29', 80, 'GROUP');
INSERT INTO `t_consume_statistic` VALUES (745, NULL, 2366, '2022-05-29', 1152, 'ALL');
INSERT INTO `t_consume_statistic` VALUES (746, 'WATER', 987, '2022-05-30', 468, 'GROUP');
INSERT INTO `t_consume_statistic` VALUES (747, 'ELECTRIC', 345, '2022-05-30', 9, 'GROUP');
INSERT INTO `t_consume_statistic` VALUES (748, 'MEAL_EXPENSE', 449, '2022-05-30', 41, 'GROUP');
INSERT INTO `t_consume_statistic` VALUES (749, 'OTHER', 198, '2022-05-30', 235, 'GROUP');
INSERT INTO `t_consume_statistic` VALUES (750, NULL, 1979, '2022-05-30', 753, 'ALL');
INSERT INTO `t_consume_statistic` VALUES (751, 'WATER', 200, '2022-05-31', 462, 'GROUP');
INSERT INTO `t_consume_statistic` VALUES (752, 'ELECTRIC', 109, '2022-05-31', 215, 'GROUP');
INSERT INTO `t_consume_statistic` VALUES (753, 'MEAL_EXPENSE', 265, '2022-05-31', 163, 'GROUP');
INSERT INTO `t_consume_statistic` VALUES (754, 'OTHER', 397, '2022-05-31', 392, 'GROUP');
INSERT INTO `t_consume_statistic` VALUES (755, NULL, 971, '2022-05-31', 1232, 'ALL');
INSERT INTO `t_consume_statistic` VALUES (756, 'WATER', 133, '2022-06-01', 482, 'GROUP');
INSERT INTO `t_consume_statistic` VALUES (757, 'ELECTRIC', 773, '2022-06-01', 341, 'GROUP');
INSERT INTO `t_consume_statistic` VALUES (758, 'MEAL_EXPENSE', 72, '2022-06-01', 441, 'GROUP');
INSERT INTO `t_consume_statistic` VALUES (759, 'OTHER', 44, '2022-06-01', 430, 'GROUP');
INSERT INTO `t_consume_statistic` VALUES (760, NULL, 1022, '2022-06-01', 1694, 'ALL');
INSERT INTO `t_consume_statistic` VALUES (761, 'WATER', 81, '2022-06-02', 193, 'GROUP');
INSERT INTO `t_consume_statistic` VALUES (762, 'ELECTRIC', 329, '2022-06-02', 21, 'GROUP');
INSERT INTO `t_consume_statistic` VALUES (763, 'MEAL_EXPENSE', 586, '2022-06-02', 93, 'GROUP');
INSERT INTO `t_consume_statistic` VALUES (764, 'OTHER', 277, '2022-06-02', 317, 'GROUP');
INSERT INTO `t_consume_statistic` VALUES (765, NULL, 1273, '2022-06-02', 624, 'ALL');
INSERT INTO `t_consume_statistic` VALUES (766, 'WATER', 766, '2022-06-03', 289, 'GROUP');
INSERT INTO `t_consume_statistic` VALUES (767, 'ELECTRIC', 708, '2022-06-03', 340, 'GROUP');
INSERT INTO `t_consume_statistic` VALUES (768, 'MEAL_EXPENSE', 217, '2022-06-03', 129, 'GROUP');
INSERT INTO `t_consume_statistic` VALUES (769, 'OTHER', 690, '2022-06-03', 14, 'GROUP');
INSERT INTO `t_consume_statistic` VALUES (770, NULL, 2381, '2022-06-03', 772, 'ALL');
INSERT INTO `t_consume_statistic` VALUES (771, 'WATER', 428, '2022-06-04', 167, 'GROUP');
INSERT INTO `t_consume_statistic` VALUES (772, 'ELECTRIC', 841, '2022-06-04', 316, 'GROUP');
INSERT INTO `t_consume_statistic` VALUES (773, 'MEAL_EXPENSE', 798, '2022-06-04', 84, 'GROUP');
INSERT INTO `t_consume_statistic` VALUES (774, 'OTHER', 356, '2022-06-04', 411, 'GROUP');
INSERT INTO `t_consume_statistic` VALUES (775, NULL, 2423, '2022-06-04', 978, 'ALL');
INSERT INTO `t_consume_statistic` VALUES (776, 'WATER', 589, '2022-06-05', 220, 'GROUP');
INSERT INTO `t_consume_statistic` VALUES (777, 'ELECTRIC', 251, '2022-06-05', 172, 'GROUP');
INSERT INTO `t_consume_statistic` VALUES (778, 'MEAL_EXPENSE', 548, '2022-06-05', 139, 'GROUP');
INSERT INTO `t_consume_statistic` VALUES (779, 'OTHER', 714, '2022-06-05', 481, 'GROUP');
INSERT INTO `t_consume_statistic` VALUES (780, NULL, 2102, '2022-06-05', 1012, 'ALL');
INSERT INTO `t_consume_statistic` VALUES (781, 'WATER', 83, '2022-06-06', 492, 'GROUP');
INSERT INTO `t_consume_statistic` VALUES (782, 'ELECTRIC', 266, '2022-06-06', 100, 'GROUP');
INSERT INTO `t_consume_statistic` VALUES (783, 'MEAL_EXPENSE', 686, '2022-06-06', 464, 'GROUP');
INSERT INTO `t_consume_statistic` VALUES (784, 'OTHER', 163, '2022-06-06', 111, 'GROUP');
INSERT INTO `t_consume_statistic` VALUES (785, NULL, 1198, '2022-06-06', 1167, 'ALL');
INSERT INTO `t_consume_statistic` VALUES (786, 'WATER', 940, '2022-06-07', 477, 'GROUP');
INSERT INTO `t_consume_statistic` VALUES (787, 'ELECTRIC', 221, '2022-06-07', 417, 'GROUP');
INSERT INTO `t_consume_statistic` VALUES (788, 'MEAL_EXPENSE', 29, '2022-06-07', 99, 'GROUP');
INSERT INTO `t_consume_statistic` VALUES (789, 'OTHER', 577, '2022-06-07', 193, 'GROUP');
INSERT INTO `t_consume_statistic` VALUES (790, NULL, 1767, '2022-06-07', 1186, 'ALL');
INSERT INTO `t_consume_statistic` VALUES (791, 'WATER', 624, '2022-06-08', 338, 'GROUP');
INSERT INTO `t_consume_statistic` VALUES (792, 'ELECTRIC', 559, '2022-06-08', 124, 'GROUP');
INSERT INTO `t_consume_statistic` VALUES (793, 'MEAL_EXPENSE', 6, '2022-06-08', 300, 'GROUP');
INSERT INTO `t_consume_statistic` VALUES (794, 'OTHER', 526, '2022-06-08', 339, 'GROUP');
INSERT INTO `t_consume_statistic` VALUES (795, NULL, 1715, '2022-06-08', 1101, 'ALL');
INSERT INTO `t_consume_statistic` VALUES (796, 'WATER', 845, '2022-06-09', 257, 'GROUP');
INSERT INTO `t_consume_statistic` VALUES (797, 'ELECTRIC', 562, '2022-06-09', 442, 'GROUP');
INSERT INTO `t_consume_statistic` VALUES (798, 'MEAL_EXPENSE', 611, '2022-06-09', 404, 'GROUP');
INSERT INTO `t_consume_statistic` VALUES (799, 'OTHER', 924, '2022-06-09', 409, 'GROUP');
INSERT INTO `t_consume_statistic` VALUES (800, NULL, 2942, '2022-06-09', 1512, 'ALL');
INSERT INTO `t_consume_statistic` VALUES (801, 'WATER', 513, '2022-06-10', 47, 'GROUP');
INSERT INTO `t_consume_statistic` VALUES (802, 'ELECTRIC', 798, '2022-06-10', 459, 'GROUP');
INSERT INTO `t_consume_statistic` VALUES (803, 'MEAL_EXPENSE', 899, '2022-06-10', 113, 'GROUP');
INSERT INTO `t_consume_statistic` VALUES (804, 'OTHER', 205, '2022-06-10', 174, 'GROUP');
INSERT INTO `t_consume_statistic` VALUES (805, NULL, 2415, '2022-06-10', 793, 'ALL');
INSERT INTO `t_consume_statistic` VALUES (806, 'WATER', 861, '2022-06-11', 243, 'GROUP');
INSERT INTO `t_consume_statistic` VALUES (807, 'ELECTRIC', 824, '2022-06-11', 341, 'GROUP');
INSERT INTO `t_consume_statistic` VALUES (808, 'MEAL_EXPENSE', 852, '2022-06-11', 436, 'GROUP');
INSERT INTO `t_consume_statistic` VALUES (809, 'OTHER', 761, '2022-06-11', 170, 'GROUP');
INSERT INTO `t_consume_statistic` VALUES (810, NULL, 3298, '2022-06-11', 1190, 'ALL');
INSERT INTO `t_consume_statistic` VALUES (811, 'WATER', 364, '2022-06-12', 294, 'GROUP');
INSERT INTO `t_consume_statistic` VALUES (812, 'ELECTRIC', 250, '2022-06-12', 207, 'GROUP');
INSERT INTO `t_consume_statistic` VALUES (813, 'MEAL_EXPENSE', 910, '2022-06-12', 255, 'GROUP');
INSERT INTO `t_consume_statistic` VALUES (814, 'OTHER', 285, '2022-06-12', 57, 'GROUP');
INSERT INTO `t_consume_statistic` VALUES (815, NULL, 1809, '2022-06-12', 813, 'ALL');
INSERT INTO `t_consume_statistic` VALUES (816, 'WATER', 619, '2022-06-13', 303, 'GROUP');
INSERT INTO `t_consume_statistic` VALUES (817, 'ELECTRIC', 201, '2022-06-13', 244, 'GROUP');
INSERT INTO `t_consume_statistic` VALUES (818, 'MEAL_EXPENSE', 399, '2022-06-13', 247, 'GROUP');
INSERT INTO `t_consume_statistic` VALUES (819, 'OTHER', 676, '2022-06-13', 464, 'GROUP');
INSERT INTO `t_consume_statistic` VALUES (820, NULL, 1895, '2022-06-13', 1258, 'ALL');
INSERT INTO `t_consume_statistic` VALUES (821, 'WATER', 70, '2022-06-14', 315, 'GROUP');
INSERT INTO `t_consume_statistic` VALUES (822, 'ELECTRIC', 403, '2022-06-14', 233, 'GROUP');
INSERT INTO `t_consume_statistic` VALUES (823, 'MEAL_EXPENSE', 277, '2022-06-14', 317, 'GROUP');
INSERT INTO `t_consume_statistic` VALUES (824, 'OTHER', 45, '2022-06-14', 439, 'GROUP');
INSERT INTO `t_consume_statistic` VALUES (825, NULL, 795, '2022-06-14', 1304, 'ALL');
INSERT INTO `t_consume_statistic` VALUES (826, 'WATER', 305, '2022-06-15', 174, 'GROUP');
INSERT INTO `t_consume_statistic` VALUES (827, 'ELECTRIC', 293, '2022-06-15', 268, 'GROUP');
INSERT INTO `t_consume_statistic` VALUES (828, 'MEAL_EXPENSE', 170, '2022-06-15', 381, 'GROUP');
INSERT INTO `t_consume_statistic` VALUES (829, 'OTHER', 952, '2022-06-15', 321, 'GROUP');
INSERT INTO `t_consume_statistic` VALUES (830, NULL, 1720, '2022-06-15', 1144, 'ALL');
INSERT INTO `t_consume_statistic` VALUES (831, 'WATER', 635, '2022-06-16', 176, 'GROUP');
INSERT INTO `t_consume_statistic` VALUES (832, 'ELECTRIC', 674, '2022-06-16', 243, 'GROUP');
INSERT INTO `t_consume_statistic` VALUES (833, 'MEAL_EXPENSE', 399, '2022-06-16', 156, 'GROUP');
INSERT INTO `t_consume_statistic` VALUES (834, 'OTHER', 323, '2022-06-16', 67, 'GROUP');
INSERT INTO `t_consume_statistic` VALUES (835, NULL, 2031, '2022-06-16', 642, 'ALL');
INSERT INTO `t_consume_statistic` VALUES (836, 'WATER', 476, '2022-06-17', 95, 'GROUP');
INSERT INTO `t_consume_statistic` VALUES (837, 'ELECTRIC', 128, '2022-06-17', 85, 'GROUP');
INSERT INTO `t_consume_statistic` VALUES (838, 'MEAL_EXPENSE', 104, '2022-06-17', 87, 'GROUP');
INSERT INTO `t_consume_statistic` VALUES (839, 'OTHER', 214, '2022-06-17', 290, 'GROUP');
INSERT INTO `t_consume_statistic` VALUES (840, NULL, 922, '2022-06-17', 557, 'ALL');
INSERT INTO `t_consume_statistic` VALUES (841, 'WATER', 498, '2022-06-18', 29, 'GROUP');
INSERT INTO `t_consume_statistic` VALUES (842, 'ELECTRIC', 820, '2022-06-18', 187, 'GROUP');
INSERT INTO `t_consume_statistic` VALUES (843, 'MEAL_EXPENSE', 291, '2022-06-18', 456, 'GROUP');
INSERT INTO `t_consume_statistic` VALUES (844, 'OTHER', 656, '2022-06-18', 389, 'GROUP');
INSERT INTO `t_consume_statistic` VALUES (845, NULL, 2265, '2022-06-18', 1061, 'ALL');
INSERT INTO `t_consume_statistic` VALUES (846, 'WATER', 429, '2022-06-19', 116, 'GROUP');
INSERT INTO `t_consume_statistic` VALUES (847, 'ELECTRIC', 755, '2022-06-19', 449, 'GROUP');
INSERT INTO `t_consume_statistic` VALUES (848, 'MEAL_EXPENSE', 596, '2022-06-19', 480, 'GROUP');
INSERT INTO `t_consume_statistic` VALUES (849, 'OTHER', 280, '2022-06-19', 280, 'GROUP');
INSERT INTO `t_consume_statistic` VALUES (850, NULL, 2060, '2022-06-19', 1325, 'ALL');
INSERT INTO `t_consume_statistic` VALUES (851, 'WATER', 466, '2022-06-20', 16, 'GROUP');
INSERT INTO `t_consume_statistic` VALUES (852, 'ELECTRIC', 302, '2022-06-20', 76, 'GROUP');
INSERT INTO `t_consume_statistic` VALUES (853, 'MEAL_EXPENSE', 417, '2022-06-20', 24, 'GROUP');
INSERT INTO `t_consume_statistic` VALUES (854, 'OTHER', 919, '2022-06-20', 168, 'GROUP');
INSERT INTO `t_consume_statistic` VALUES (855, NULL, 2104, '2022-06-20', 284, 'ALL');
INSERT INTO `t_consume_statistic` VALUES (856, 'WATER', 851, '2022-06-21', 488, 'GROUP');
INSERT INTO `t_consume_statistic` VALUES (857, 'ELECTRIC', 750, '2022-06-21', 318, 'GROUP');
INSERT INTO `t_consume_statistic` VALUES (858, 'MEAL_EXPENSE', 635, '2022-06-21', 44, 'GROUP');
INSERT INTO `t_consume_statistic` VALUES (859, 'OTHER', 353, '2022-06-21', 395, 'GROUP');
INSERT INTO `t_consume_statistic` VALUES (860, NULL, 2589, '2022-06-21', 1245, 'ALL');
INSERT INTO `t_consume_statistic` VALUES (861, 'WATER', 901, '2022-06-22', 385, 'GROUP');
INSERT INTO `t_consume_statistic` VALUES (862, 'ELECTRIC', 149, '2022-06-22', 489, 'GROUP');
INSERT INTO `t_consume_statistic` VALUES (863, 'MEAL_EXPENSE', 211, '2022-06-22', 199, 'GROUP');
INSERT INTO `t_consume_statistic` VALUES (864, 'OTHER', 662, '2022-06-22', 30, 'GROUP');
INSERT INTO `t_consume_statistic` VALUES (865, NULL, 1923, '2022-06-22', 1103, 'ALL');
INSERT INTO `t_consume_statistic` VALUES (866, 'WATER', 354, '2022-06-23', 475, 'GROUP');
INSERT INTO `t_consume_statistic` VALUES (867, 'ELECTRIC', 175, '2022-06-23', 322, 'GROUP');
INSERT INTO `t_consume_statistic` VALUES (868, 'MEAL_EXPENSE', 127, '2022-06-23', 149, 'GROUP');
INSERT INTO `t_consume_statistic` VALUES (869, 'OTHER', 731, '2022-06-23', 493, 'GROUP');
INSERT INTO `t_consume_statistic` VALUES (870, NULL, 1387, '2022-06-23', 1439, 'ALL');
INSERT INTO `t_consume_statistic` VALUES (871, 'WATER', 27, '2022-06-24', 27, 'GROUP');
INSERT INTO `t_consume_statistic` VALUES (872, 'ELECTRIC', 101, '2022-06-24', 50, 'GROUP');
INSERT INTO `t_consume_statistic` VALUES (873, 'MEAL_EXPENSE', 121, '2022-06-24', 107, 'GROUP');
INSERT INTO `t_consume_statistic` VALUES (874, 'OTHER', 3, '2022-06-24', 173, 'GROUP');
INSERT INTO `t_consume_statistic` VALUES (875, NULL, 252, '2022-06-24', 357, 'ALL');
INSERT INTO `t_consume_statistic` VALUES (876, 'WATER', 211, '2022-06-25', 118, 'GROUP');
INSERT INTO `t_consume_statistic` VALUES (877, 'ELECTRIC', 871, '2022-06-25', 318, 'GROUP');
INSERT INTO `t_consume_statistic` VALUES (878, 'MEAL_EXPENSE', 646, '2022-06-25', 163, 'GROUP');
INSERT INTO `t_consume_statistic` VALUES (879, 'OTHER', 474, '2022-06-25', 307, 'GROUP');
INSERT INTO `t_consume_statistic` VALUES (880, NULL, 2202, '2022-06-25', 906, 'ALL');
INSERT INTO `t_consume_statistic` VALUES (881, 'WATER', 553, '2022-06-26', 441, 'GROUP');
INSERT INTO `t_consume_statistic` VALUES (882, 'ELECTRIC', 998, '2022-06-26', 392, 'GROUP');
INSERT INTO `t_consume_statistic` VALUES (883, 'MEAL_EXPENSE', 111, '2022-06-26', 82, 'GROUP');
INSERT INTO `t_consume_statistic` VALUES (884, 'OTHER', 926, '2022-06-26', 316, 'GROUP');
INSERT INTO `t_consume_statistic` VALUES (885, NULL, 2588, '2022-06-26', 1231, 'ALL');
INSERT INTO `t_consume_statistic` VALUES (886, 'WATER', 827, '2022-06-27', 273, 'GROUP');
INSERT INTO `t_consume_statistic` VALUES (887, 'ELECTRIC', 646, '2022-06-27', 200, 'GROUP');
INSERT INTO `t_consume_statistic` VALUES (888, 'MEAL_EXPENSE', 531, '2022-06-27', 83, 'GROUP');
INSERT INTO `t_consume_statistic` VALUES (889, 'OTHER', 936, '2022-06-27', 435, 'GROUP');
INSERT INTO `t_consume_statistic` VALUES (890, NULL, 2940, '2022-06-27', 991, 'ALL');
INSERT INTO `t_consume_statistic` VALUES (891, 'WATER', 224, '2022-06-28', 36, 'GROUP');
INSERT INTO `t_consume_statistic` VALUES (892, 'ELECTRIC', 73, '2022-06-28', 475, 'GROUP');
INSERT INTO `t_consume_statistic` VALUES (893, 'MEAL_EXPENSE', 462, '2022-06-28', 93, 'GROUP');
INSERT INTO `t_consume_statistic` VALUES (894, 'OTHER', 93, '2022-06-28', 52, 'GROUP');
INSERT INTO `t_consume_statistic` VALUES (895, NULL, 852, '2022-06-28', 656, 'ALL');
INSERT INTO `t_consume_statistic` VALUES (896, 'WATER', 472, '2022-06-29', 178, 'GROUP');
INSERT INTO `t_consume_statistic` VALUES (897, 'ELECTRIC', 880, '2022-06-29', 434, 'GROUP');
INSERT INTO `t_consume_statistic` VALUES (898, 'MEAL_EXPENSE', 813, '2022-06-29', 421, 'GROUP');
INSERT INTO `t_consume_statistic` VALUES (899, 'OTHER', 260, '2022-06-29', 44, 'GROUP');
INSERT INTO `t_consume_statistic` VALUES (900, NULL, 2425, '2022-06-29', 1077, 'ALL');
INSERT INTO `t_consume_statistic` VALUES (901, 'WATER', 42, '2022-06-30', 438, 'GROUP');
INSERT INTO `t_consume_statistic` VALUES (902, 'ELECTRIC', 82, '2022-06-30', 10, 'GROUP');
INSERT INTO `t_consume_statistic` VALUES (903, 'MEAL_EXPENSE', 461, '2022-06-30', 442, 'GROUP');
INSERT INTO `t_consume_statistic` VALUES (904, 'OTHER', 446, '2022-06-30', 497, 'GROUP');
INSERT INTO `t_consume_statistic` VALUES (905, NULL, 1031, '2022-06-30', 1387, 'ALL');
INSERT INTO `t_consume_statistic` VALUES (906, 'WATER', 241, '2022-07-01', 32, 'GROUP');
INSERT INTO `t_consume_statistic` VALUES (907, 'ELECTRIC', 412, '2022-07-01', 467, 'GROUP');
INSERT INTO `t_consume_statistic` VALUES (908, 'MEAL_EXPENSE', 471, '2022-07-01', 117, 'GROUP');
INSERT INTO `t_consume_statistic` VALUES (909, 'OTHER', 279, '2022-07-01', 133, 'GROUP');
INSERT INTO `t_consume_statistic` VALUES (910, NULL, 1403, '2022-07-01', 749, 'ALL');
INSERT INTO `t_consume_statistic` VALUES (911, 'WATER', 588, '2022-07-02', 102, 'GROUP');
INSERT INTO `t_consume_statistic` VALUES (912, 'ELECTRIC', 663, '2022-07-02', 220, 'GROUP');
INSERT INTO `t_consume_statistic` VALUES (913, 'MEAL_EXPENSE', 365, '2022-07-02', 472, 'GROUP');
INSERT INTO `t_consume_statistic` VALUES (914, 'OTHER', 869, '2022-07-02', 336, 'GROUP');
INSERT INTO `t_consume_statistic` VALUES (915, NULL, 2485, '2022-07-02', 1130, 'ALL');
INSERT INTO `t_consume_statistic` VALUES (916, 'WATER', 542, '2022-07-03', 381, 'GROUP');
INSERT INTO `t_consume_statistic` VALUES (917, 'ELECTRIC', 505, '2022-07-03', 413, 'GROUP');
INSERT INTO `t_consume_statistic` VALUES (918, 'MEAL_EXPENSE', 460, '2022-07-03', 4, 'GROUP');
INSERT INTO `t_consume_statistic` VALUES (919, 'OTHER', 524, '2022-07-03', 439, 'GROUP');
INSERT INTO `t_consume_statistic` VALUES (920, NULL, 2031, '2022-07-03', 1237, 'ALL');
INSERT INTO `t_consume_statistic` VALUES (921, 'WATER', 154, '2022-07-04', 44, 'GROUP');
INSERT INTO `t_consume_statistic` VALUES (922, 'ELECTRIC', 680, '2022-07-04', 312, 'GROUP');
INSERT INTO `t_consume_statistic` VALUES (923, 'MEAL_EXPENSE', 959, '2022-07-04', 87, 'GROUP');
INSERT INTO `t_consume_statistic` VALUES (924, 'OTHER', 697, '2022-07-04', 208, 'GROUP');
INSERT INTO `t_consume_statistic` VALUES (925, NULL, 2490, '2022-07-04', 651, 'ALL');
INSERT INTO `t_consume_statistic` VALUES (926, 'WATER', 806, '2022-07-05', 286, 'GROUP');
INSERT INTO `t_consume_statistic` VALUES (927, 'ELECTRIC', 706, '2022-07-05', 51, 'GROUP');
INSERT INTO `t_consume_statistic` VALUES (928, 'MEAL_EXPENSE', 613, '2022-07-05', 25, 'GROUP');
INSERT INTO `t_consume_statistic` VALUES (929, 'OTHER', 148, '2022-07-05', 462, 'GROUP');
INSERT INTO `t_consume_statistic` VALUES (930, NULL, 2273, '2022-07-05', 824, 'ALL');
INSERT INTO `t_consume_statistic` VALUES (931, 'WATER', 377, '2022-07-06', 391, 'GROUP');
INSERT INTO `t_consume_statistic` VALUES (932, 'ELECTRIC', 48, '2022-07-06', 444, 'GROUP');
INSERT INTO `t_consume_statistic` VALUES (933, 'MEAL_EXPENSE', 150, '2022-07-06', 387, 'GROUP');
INSERT INTO `t_consume_statistic` VALUES (934, 'OTHER', 926, '2022-07-06', 216, 'GROUP');
INSERT INTO `t_consume_statistic` VALUES (935, NULL, 1501, '2022-07-06', 1438, 'ALL');
INSERT INTO `t_consume_statistic` VALUES (936, 'WATER', 59, '2022-07-07', 333, 'GROUP');
INSERT INTO `t_consume_statistic` VALUES (937, 'ELECTRIC', 961, '2022-07-07', 461, 'GROUP');
INSERT INTO `t_consume_statistic` VALUES (938, 'MEAL_EXPENSE', 658, '2022-07-07', 232, 'GROUP');
INSERT INTO `t_consume_statistic` VALUES (939, 'OTHER', 452, '2022-07-07', 419, 'GROUP');
INSERT INTO `t_consume_statistic` VALUES (940, NULL, 2130, '2022-07-07', 1445, 'ALL');
INSERT INTO `t_consume_statistic` VALUES (941, 'WATER', 690, '2022-07-08', 189, 'GROUP');
INSERT INTO `t_consume_statistic` VALUES (942, 'ELECTRIC', 771, '2022-07-08', 207, 'GROUP');
INSERT INTO `t_consume_statistic` VALUES (943, 'MEAL_EXPENSE', 720, '2022-07-08', 77, 'GROUP');
INSERT INTO `t_consume_statistic` VALUES (944, 'OTHER', 588, '2022-07-08', 174, 'GROUP');
INSERT INTO `t_consume_statistic` VALUES (945, NULL, 2769, '2022-07-08', 647, 'ALL');
INSERT INTO `t_consume_statistic` VALUES (946, 'WATER', 395, '2022-07-09', 432, 'GROUP');
INSERT INTO `t_consume_statistic` VALUES (947, 'ELECTRIC', 323, '2022-07-09', 272, 'GROUP');
INSERT INTO `t_consume_statistic` VALUES (948, 'MEAL_EXPENSE', 222, '2022-07-09', 412, 'GROUP');
INSERT INTO `t_consume_statistic` VALUES (949, 'OTHER', 344, '2022-07-09', 121, 'GROUP');
INSERT INTO `t_consume_statistic` VALUES (950, NULL, 1284, '2022-07-09', 1237, 'ALL');
INSERT INTO `t_consume_statistic` VALUES (951, 'WATER', 234, '2022-07-10', 138, 'GROUP');
INSERT INTO `t_consume_statistic` VALUES (952, 'ELECTRIC', 997, '2022-07-10', 421, 'GROUP');
INSERT INTO `t_consume_statistic` VALUES (953, 'MEAL_EXPENSE', 337, '2022-07-10', 269, 'GROUP');
INSERT INTO `t_consume_statistic` VALUES (954, 'OTHER', 191, '2022-07-10', 51, 'GROUP');
INSERT INTO `t_consume_statistic` VALUES (955, NULL, 1759, '2022-07-10', 879, 'ALL');
INSERT INTO `t_consume_statistic` VALUES (956, 'WATER', 791, '2022-07-11', 318, 'GROUP');
INSERT INTO `t_consume_statistic` VALUES (957, 'ELECTRIC', 480, '2022-07-11', 157, 'GROUP');
INSERT INTO `t_consume_statistic` VALUES (958, 'MEAL_EXPENSE', 77, '2022-07-11', 158, 'GROUP');
INSERT INTO `t_consume_statistic` VALUES (959, 'OTHER', 20, '2022-07-11', 131, 'GROUP');
INSERT INTO `t_consume_statistic` VALUES (960, NULL, 1368, '2022-07-11', 764, 'ALL');
INSERT INTO `t_consume_statistic` VALUES (961, 'WATER', 184, '2022-07-12', 451, 'GROUP');
INSERT INTO `t_consume_statistic` VALUES (962, 'ELECTRIC', 438, '2022-07-12', 239, 'GROUP');
INSERT INTO `t_consume_statistic` VALUES (963, 'MEAL_EXPENSE', 495, '2022-07-12', 486, 'GROUP');
INSERT INTO `t_consume_statistic` VALUES (964, 'OTHER', 921, '2022-07-12', 269, 'GROUP');
INSERT INTO `t_consume_statistic` VALUES (965, NULL, 2038, '2022-07-12', 1445, 'ALL');
INSERT INTO `t_consume_statistic` VALUES (966, 'WATER', 703, '2022-07-13', 169, 'GROUP');
INSERT INTO `t_consume_statistic` VALUES (967, 'ELECTRIC', 64, '2022-07-13', 394, 'GROUP');
INSERT INTO `t_consume_statistic` VALUES (968, 'MEAL_EXPENSE', 195, '2022-07-13', 149, 'GROUP');
INSERT INTO `t_consume_statistic` VALUES (969, 'OTHER', 22, '2022-07-13', 182, 'GROUP');
INSERT INTO `t_consume_statistic` VALUES (970, NULL, 984, '2022-07-13', 894, 'ALL');
INSERT INTO `t_consume_statistic` VALUES (971, 'WATER', 971, '2022-07-14', 343, 'GROUP');
INSERT INTO `t_consume_statistic` VALUES (972, 'ELECTRIC', 759, '2022-07-14', 283, 'GROUP');
INSERT INTO `t_consume_statistic` VALUES (973, 'MEAL_EXPENSE', 813, '2022-07-14', 400, 'GROUP');
INSERT INTO `t_consume_statistic` VALUES (974, 'OTHER', 767, '2022-07-14', 418, 'GROUP');
INSERT INTO `t_consume_statistic` VALUES (975, NULL, 3310, '2022-07-14', 1444, 'ALL');
INSERT INTO `t_consume_statistic` VALUES (976, 'WATER', 773, '2022-07-15', 376, 'GROUP');
INSERT INTO `t_consume_statistic` VALUES (977, 'ELECTRIC', 175, '2022-07-15', 466, 'GROUP');
INSERT INTO `t_consume_statistic` VALUES (978, 'MEAL_EXPENSE', 912, '2022-07-15', 91, 'GROUP');
INSERT INTO `t_consume_statistic` VALUES (979, 'OTHER', 55, '2022-07-15', 260, 'GROUP');
INSERT INTO `t_consume_statistic` VALUES (980, NULL, 1915, '2022-07-15', 1193, 'ALL');
INSERT INTO `t_consume_statistic` VALUES (981, 'WATER', 332, '2022-07-16', 122, 'GROUP');
INSERT INTO `t_consume_statistic` VALUES (982, 'ELECTRIC', 805, '2022-07-16', 143, 'GROUP');
INSERT INTO `t_consume_statistic` VALUES (983, 'MEAL_EXPENSE', 908, '2022-07-16', 392, 'GROUP');
INSERT INTO `t_consume_statistic` VALUES (984, 'OTHER', 249, '2022-07-16', 10, 'GROUP');
INSERT INTO `t_consume_statistic` VALUES (985, NULL, 2294, '2022-07-16', 667, 'ALL');
INSERT INTO `t_consume_statistic` VALUES (986, 'WATER', 88, '2022-07-17', 159, 'GROUP');
INSERT INTO `t_consume_statistic` VALUES (987, 'ELECTRIC', 382, '2022-07-17', 389, 'GROUP');
INSERT INTO `t_consume_statistic` VALUES (988, 'MEAL_EXPENSE', 591, '2022-07-17', 31, 'GROUP');
INSERT INTO `t_consume_statistic` VALUES (989, 'OTHER', 489, '2022-07-17', 212, 'GROUP');
INSERT INTO `t_consume_statistic` VALUES (990, NULL, 1550, '2022-07-17', 791, 'ALL');
INSERT INTO `t_consume_statistic` VALUES (991, 'WATER', 768, '2022-07-18', 481, 'GROUP');
INSERT INTO `t_consume_statistic` VALUES (992, 'ELECTRIC', 880, '2022-07-18', 346, 'GROUP');
INSERT INTO `t_consume_statistic` VALUES (993, 'MEAL_EXPENSE', 179, '2022-07-18', 199, 'GROUP');
INSERT INTO `t_consume_statistic` VALUES (994, 'OTHER', 959, '2022-07-18', 275, 'GROUP');
INSERT INTO `t_consume_statistic` VALUES (995, NULL, 2786, '2022-07-18', 1301, 'ALL');
INSERT INTO `t_consume_statistic` VALUES (996, 'WATER', 477, '2022-07-19', 139, 'GROUP');
INSERT INTO `t_consume_statistic` VALUES (997, 'ELECTRIC', 605, '2022-07-19', 46, 'GROUP');
INSERT INTO `t_consume_statistic` VALUES (998, 'MEAL_EXPENSE', 821, '2022-07-19', 282, 'GROUP');
INSERT INTO `t_consume_statistic` VALUES (999, 'OTHER', 775, '2022-07-19', 413, 'GROUP');
INSERT INTO `t_consume_statistic` VALUES (1000, NULL, 2678, '2022-07-19', 880, 'ALL');
INSERT INTO `t_consume_statistic` VALUES (1001, 'WATER', 200, '2022-07-20', 330, 'GROUP');
INSERT INTO `t_consume_statistic` VALUES (1002, 'ELECTRIC', 474, '2022-07-20', 228, 'GROUP');
INSERT INTO `t_consume_statistic` VALUES (1003, 'MEAL_EXPENSE', 553, '2022-07-20', 78, 'GROUP');
INSERT INTO `t_consume_statistic` VALUES (1004, 'OTHER', 622, '2022-07-20', 422, 'GROUP');
INSERT INTO `t_consume_statistic` VALUES (1005, NULL, 1849, '2022-07-20', 1058, 'ALL');
INSERT INTO `t_consume_statistic` VALUES (1006, 'WATER', 891, '2022-07-21', 89, 'GROUP');
INSERT INTO `t_consume_statistic` VALUES (1007, 'ELECTRIC', 252, '2022-07-21', 382, 'GROUP');
INSERT INTO `t_consume_statistic` VALUES (1008, 'MEAL_EXPENSE', 49, '2022-07-21', 124, 'GROUP');
INSERT INTO `t_consume_statistic` VALUES (1009, 'OTHER', 305, '2022-07-21', 253, 'GROUP');
INSERT INTO `t_consume_statistic` VALUES (1010, NULL, 1497, '2022-07-21', 848, 'ALL');
INSERT INTO `t_consume_statistic` VALUES (1011, 'WATER', 647, '2022-07-22', 80, 'GROUP');
INSERT INTO `t_consume_statistic` VALUES (1012, 'ELECTRIC', 610, '2022-07-22', 478, 'GROUP');
INSERT INTO `t_consume_statistic` VALUES (1013, 'MEAL_EXPENSE', 803, '2022-07-22', 323, 'GROUP');
INSERT INTO `t_consume_statistic` VALUES (1014, 'OTHER', 168, '2022-07-22', 217, 'GROUP');
INSERT INTO `t_consume_statistic` VALUES (1015, NULL, 2228, '2022-07-22', 1098, 'ALL');
INSERT INTO `t_consume_statistic` VALUES (1016, 'WATER', 871, '2022-07-23', 231, 'GROUP');
INSERT INTO `t_consume_statistic` VALUES (1017, 'ELECTRIC', 714, '2022-07-23', 37, 'GROUP');
INSERT INTO `t_consume_statistic` VALUES (1018, 'MEAL_EXPENSE', 194, '2022-07-23', 122, 'GROUP');
INSERT INTO `t_consume_statistic` VALUES (1019, 'OTHER', 415, '2022-07-23', 193, 'GROUP');
INSERT INTO `t_consume_statistic` VALUES (1020, NULL, 2194, '2022-07-23', 583, 'ALL');
INSERT INTO `t_consume_statistic` VALUES (1021, 'WATER', 566, '2022-07-24', 396, 'GROUP');
INSERT INTO `t_consume_statistic` VALUES (1022, 'ELECTRIC', 483, '2022-07-24', 497, 'GROUP');
INSERT INTO `t_consume_statistic` VALUES (1023, 'MEAL_EXPENSE', 543, '2022-07-24', 233, 'GROUP');
INSERT INTO `t_consume_statistic` VALUES (1024, 'OTHER', 51, '2022-07-24', 169, 'GROUP');
INSERT INTO `t_consume_statistic` VALUES (1025, NULL, 1643, '2022-07-24', 1295, 'ALL');
INSERT INTO `t_consume_statistic` VALUES (1026, 'WATER', 101, '2022-07-25', 214, 'GROUP');
INSERT INTO `t_consume_statistic` VALUES (1027, 'ELECTRIC', 438, '2022-07-25', 175, 'GROUP');
INSERT INTO `t_consume_statistic` VALUES (1028, 'MEAL_EXPENSE', 220, '2022-07-25', 420, 'GROUP');
INSERT INTO `t_consume_statistic` VALUES (1029, 'OTHER', 579, '2022-07-25', 15, 'GROUP');
INSERT INTO `t_consume_statistic` VALUES (1030, NULL, 1338, '2022-07-25', 824, 'ALL');
INSERT INTO `t_consume_statistic` VALUES (1031, 'WATER', 303, '2022-07-26', 104, 'GROUP');
INSERT INTO `t_consume_statistic` VALUES (1032, 'ELECTRIC', 901, '2022-07-26', 400, 'GROUP');
INSERT INTO `t_consume_statistic` VALUES (1033, 'MEAL_EXPENSE', 763, '2022-07-26', 239, 'GROUP');
INSERT INTO `t_consume_statistic` VALUES (1034, 'OTHER', 676, '2022-07-26', 81, 'GROUP');
INSERT INTO `t_consume_statistic` VALUES (1035, NULL, 2643, '2022-07-26', 824, 'ALL');
INSERT INTO `t_consume_statistic` VALUES (1036, 'WATER', 213, '2022-07-27', 289, 'GROUP');
INSERT INTO `t_consume_statistic` VALUES (1037, 'ELECTRIC', 145, '2022-07-27', 463, 'GROUP');
INSERT INTO `t_consume_statistic` VALUES (1038, 'MEAL_EXPENSE', 273, '2022-07-27', 397, 'GROUP');
INSERT INTO `t_consume_statistic` VALUES (1039, 'OTHER', 49, '2022-07-27', 429, 'GROUP');
INSERT INTO `t_consume_statistic` VALUES (1040, NULL, 680, '2022-07-27', 1578, 'ALL');
INSERT INTO `t_consume_statistic` VALUES (1041, 'WATER', 509, '2022-07-28', 119, 'GROUP');
INSERT INTO `t_consume_statistic` VALUES (1042, 'ELECTRIC', 385, '2022-07-28', 239, 'GROUP');
INSERT INTO `t_consume_statistic` VALUES (1043, 'MEAL_EXPENSE', 666, '2022-07-28', 215, 'GROUP');
INSERT INTO `t_consume_statistic` VALUES (1044, 'OTHER', 921, '2022-07-28', 221, 'GROUP');
INSERT INTO `t_consume_statistic` VALUES (1045, NULL, 2481, '2022-07-28', 794, 'ALL');
INSERT INTO `t_consume_statistic` VALUES (1046, 'WATER', 667, '2022-07-29', 294, 'GROUP');
INSERT INTO `t_consume_statistic` VALUES (1047, 'ELECTRIC', 617, '2022-07-29', 416, 'GROUP');
INSERT INTO `t_consume_statistic` VALUES (1048, 'MEAL_EXPENSE', 427, '2022-07-29', 127, 'GROUP');
INSERT INTO `t_consume_statistic` VALUES (1049, 'OTHER', 977, '2022-07-29', 77, 'GROUP');
INSERT INTO `t_consume_statistic` VALUES (1050, NULL, 2688, '2022-07-29', 914, 'ALL');
INSERT INTO `t_consume_statistic` VALUES (1051, 'WATER', 462, '2022-07-30', 55, 'GROUP');
INSERT INTO `t_consume_statistic` VALUES (1052, 'ELECTRIC', 150, '2022-07-30', 368, 'GROUP');
INSERT INTO `t_consume_statistic` VALUES (1053, 'MEAL_EXPENSE', 2, '2022-07-30', 133, 'GROUP');
INSERT INTO `t_consume_statistic` VALUES (1054, 'OTHER', 390, '2022-07-30', 387, 'GROUP');
INSERT INTO `t_consume_statistic` VALUES (1055, NULL, 1004, '2022-07-30', 943, 'ALL');
INSERT INTO `t_consume_statistic` VALUES (1056, 'WATER', 742, '2022-07-31', 302, 'GROUP');
INSERT INTO `t_consume_statistic` VALUES (1057, 'ELECTRIC', 848, '2022-07-31', 474, 'GROUP');
INSERT INTO `t_consume_statistic` VALUES (1058, 'MEAL_EXPENSE', 709, '2022-07-31', 161, 'GROUP');
INSERT INTO `t_consume_statistic` VALUES (1059, 'OTHER', 492, '2022-07-31', 63, 'GROUP');
INSERT INTO `t_consume_statistic` VALUES (1060, NULL, 2791, '2022-07-31', 1000, 'ALL');
INSERT INTO `t_consume_statistic` VALUES (1061, 'WATER', 643, '2022-08-01', 204, 'GROUP');
INSERT INTO `t_consume_statistic` VALUES (1062, 'ELECTRIC', 917, '2022-08-01', 305, 'GROUP');
INSERT INTO `t_consume_statistic` VALUES (1063, 'MEAL_EXPENSE', 179, '2022-08-01', 13, 'GROUP');
INSERT INTO `t_consume_statistic` VALUES (1064, 'OTHER', 614, '2022-08-01', 23, 'GROUP');
INSERT INTO `t_consume_statistic` VALUES (1065, NULL, 2353, '2022-08-01', 545, 'ALL');
INSERT INTO `t_consume_statistic` VALUES (1066, 'WATER', 103, '2022-08-02', 469, 'GROUP');
INSERT INTO `t_consume_statistic` VALUES (1067, 'ELECTRIC', 690, '2022-08-02', 121, 'GROUP');
INSERT INTO `t_consume_statistic` VALUES (1068, 'MEAL_EXPENSE', 673, '2022-08-02', 426, 'GROUP');
INSERT INTO `t_consume_statistic` VALUES (1069, 'OTHER', 367, '2022-08-02', 129, 'GROUP');
INSERT INTO `t_consume_statistic` VALUES (1070, NULL, 1833, '2022-08-02', 1145, 'ALL');
INSERT INTO `t_consume_statistic` VALUES (1071, 'WATER', 210, '2022-08-03', 466, 'GROUP');
INSERT INTO `t_consume_statistic` VALUES (1072, 'ELECTRIC', 531, '2022-08-03', 48, 'GROUP');
INSERT INTO `t_consume_statistic` VALUES (1073, 'MEAL_EXPENSE', 164, '2022-08-03', 258, 'GROUP');
INSERT INTO `t_consume_statistic` VALUES (1074, 'OTHER', 298, '2022-08-03', 93, 'GROUP');
INSERT INTO `t_consume_statistic` VALUES (1075, NULL, 1203, '2022-08-03', 865, 'ALL');
INSERT INTO `t_consume_statistic` VALUES (1076, 'WATER', 77, '2022-08-04', 371, 'GROUP');
INSERT INTO `t_consume_statistic` VALUES (1077, 'ELECTRIC', 530, '2022-08-04', 391, 'GROUP');
INSERT INTO `t_consume_statistic` VALUES (1078, 'MEAL_EXPENSE', 235, '2022-08-04', 362, 'GROUP');
INSERT INTO `t_consume_statistic` VALUES (1079, 'OTHER', 486, '2022-08-04', 33, 'GROUP');
INSERT INTO `t_consume_statistic` VALUES (1080, NULL, 1328, '2022-08-04', 1157, 'ALL');
INSERT INTO `t_consume_statistic` VALUES (1081, 'WATER', 711, '2022-08-05', 74, 'GROUP');
INSERT INTO `t_consume_statistic` VALUES (1082, 'ELECTRIC', 186, '2022-08-05', 246, 'GROUP');
INSERT INTO `t_consume_statistic` VALUES (1083, 'MEAL_EXPENSE', 869, '2022-08-05', 450, 'GROUP');
INSERT INTO `t_consume_statistic` VALUES (1084, 'OTHER', 379, '2022-08-05', 258, 'GROUP');
INSERT INTO `t_consume_statistic` VALUES (1085, NULL, 2145, '2022-08-05', 1028, 'ALL');
INSERT INTO `t_consume_statistic` VALUES (1086, 'WATER', 65, '2022-08-06', 439, 'GROUP');
INSERT INTO `t_consume_statistic` VALUES (1087, 'ELECTRIC', 464, '2022-08-06', 48, 'GROUP');
INSERT INTO `t_consume_statistic` VALUES (1088, 'MEAL_EXPENSE', 276, '2022-08-06', 485, 'GROUP');
INSERT INTO `t_consume_statistic` VALUES (1089, 'OTHER', 24, '2022-08-06', 282, 'GROUP');
INSERT INTO `t_consume_statistic` VALUES (1090, NULL, 829, '2022-08-06', 1254, 'ALL');
INSERT INTO `t_consume_statistic` VALUES (1091, 'WATER', 327, '2022-08-07', 162, 'GROUP');
INSERT INTO `t_consume_statistic` VALUES (1092, 'ELECTRIC', 123, '2022-08-07', 120, 'GROUP');
INSERT INTO `t_consume_statistic` VALUES (1093, 'MEAL_EXPENSE', 371, '2022-08-07', 234, 'GROUP');
INSERT INTO `t_consume_statistic` VALUES (1094, 'OTHER', 957, '2022-08-07', 478, 'GROUP');
INSERT INTO `t_consume_statistic` VALUES (1095, NULL, 1778, '2022-08-07', 994, 'ALL');
INSERT INTO `t_consume_statistic` VALUES (1096, 'WATER', 679, '2022-08-08', 165, 'GROUP');
INSERT INTO `t_consume_statistic` VALUES (1097, 'ELECTRIC', 465, '2022-08-08', 244, 'GROUP');
INSERT INTO `t_consume_statistic` VALUES (1098, 'MEAL_EXPENSE', 336, '2022-08-08', 366, 'GROUP');
INSERT INTO `t_consume_statistic` VALUES (1099, 'OTHER', 523, '2022-08-08', 196, 'GROUP');
INSERT INTO `t_consume_statistic` VALUES (1100, NULL, 2003, '2022-08-08', 971, 'ALL');
INSERT INTO `t_consume_statistic` VALUES (1101, 'WATER', 144, '2022-08-09', 354, 'GROUP');
INSERT INTO `t_consume_statistic` VALUES (1102, 'ELECTRIC', 419, '2022-08-09', 61, 'GROUP');
INSERT INTO `t_consume_statistic` VALUES (1103, 'MEAL_EXPENSE', 668, '2022-08-09', 411, 'GROUP');
INSERT INTO `t_consume_statistic` VALUES (1104, 'OTHER', 591, '2022-08-09', 22, 'GROUP');
INSERT INTO `t_consume_statistic` VALUES (1105, NULL, 1822, '2022-08-09', 848, 'ALL');
INSERT INTO `t_consume_statistic` VALUES (1106, 'WATER', 484, '2022-08-10', 47, 'GROUP');
INSERT INTO `t_consume_statistic` VALUES (1107, 'ELECTRIC', 313, '2022-08-10', 432, 'GROUP');
INSERT INTO `t_consume_statistic` VALUES (1108, 'MEAL_EXPENSE', 163, '2022-08-10', 144, 'GROUP');
INSERT INTO `t_consume_statistic` VALUES (1109, 'OTHER', 668, '2022-08-10', 166, 'GROUP');
INSERT INTO `t_consume_statistic` VALUES (1110, NULL, 1628, '2022-08-10', 789, 'ALL');
INSERT INTO `t_consume_statistic` VALUES (1111, 'WATER', 502, '2022-08-11', 416, 'GROUP');
INSERT INTO `t_consume_statistic` VALUES (1112, 'ELECTRIC', 397, '2022-08-11', 106, 'GROUP');
INSERT INTO `t_consume_statistic` VALUES (1113, 'MEAL_EXPENSE', 768, '2022-08-11', 7, 'GROUP');
INSERT INTO `t_consume_statistic` VALUES (1114, 'OTHER', 575, '2022-08-11', 220, 'GROUP');
INSERT INTO `t_consume_statistic` VALUES (1115, NULL, 2242, '2022-08-11', 749, 'ALL');
INSERT INTO `t_consume_statistic` VALUES (1116, 'WATER', 902, '2022-08-12', 468, 'GROUP');
INSERT INTO `t_consume_statistic` VALUES (1117, 'ELECTRIC', 701, '2022-08-12', 115, 'GROUP');
INSERT INTO `t_consume_statistic` VALUES (1118, 'MEAL_EXPENSE', 948, '2022-08-12', 440, 'GROUP');
INSERT INTO `t_consume_statistic` VALUES (1119, 'OTHER', 86, '2022-08-12', 463, 'GROUP');
INSERT INTO `t_consume_statistic` VALUES (1120, NULL, 2637, '2022-08-12', 1486, 'ALL');
INSERT INTO `t_consume_statistic` VALUES (1121, 'WATER', 991, '2022-08-13', 104, 'GROUP');
INSERT INTO `t_consume_statistic` VALUES (1122, 'ELECTRIC', 201, '2022-08-13', 335, 'GROUP');
INSERT INTO `t_consume_statistic` VALUES (1123, 'MEAL_EXPENSE', 178, '2022-08-13', 259, 'GROUP');
INSERT INTO `t_consume_statistic` VALUES (1124, 'OTHER', 45, '2022-08-13', 443, 'GROUP');
INSERT INTO `t_consume_statistic` VALUES (1125, NULL, 1415, '2022-08-13', 1141, 'ALL');
INSERT INTO `t_consume_statistic` VALUES (1126, 'WATER', 29, '2022-08-14', 457, 'GROUP');
INSERT INTO `t_consume_statistic` VALUES (1127, 'ELECTRIC', 597, '2022-08-14', 451, 'GROUP');
INSERT INTO `t_consume_statistic` VALUES (1128, 'MEAL_EXPENSE', 559, '2022-08-14', 268, 'GROUP');
INSERT INTO `t_consume_statistic` VALUES (1129, 'OTHER', 516, '2022-08-14', 497, 'GROUP');
INSERT INTO `t_consume_statistic` VALUES (1130, NULL, 1701, '2022-08-14', 1673, 'ALL');
INSERT INTO `t_consume_statistic` VALUES (1131, 'WATER', 193, '2022-08-15', 353, 'GROUP');
INSERT INTO `t_consume_statistic` VALUES (1132, 'ELECTRIC', 426, '2022-08-15', 491, 'GROUP');
INSERT INTO `t_consume_statistic` VALUES (1133, 'MEAL_EXPENSE', 62, '2022-08-15', 301, 'GROUP');
INSERT INTO `t_consume_statistic` VALUES (1134, 'OTHER', 406, '2022-08-15', 298, 'GROUP');
INSERT INTO `t_consume_statistic` VALUES (1135, NULL, 1087, '2022-08-15', 1443, 'ALL');
INSERT INTO `t_consume_statistic` VALUES (1136, 'WATER', 343, '2022-08-16', 219, 'GROUP');
INSERT INTO `t_consume_statistic` VALUES (1137, 'ELECTRIC', 335, '2022-08-16', 149, 'GROUP');
INSERT INTO `t_consume_statistic` VALUES (1138, 'MEAL_EXPENSE', 700, '2022-08-16', 77, 'GROUP');
INSERT INTO `t_consume_statistic` VALUES (1139, 'OTHER', 328, '2022-08-16', 339, 'GROUP');
INSERT INTO `t_consume_statistic` VALUES (1140, NULL, 1706, '2022-08-16', 784, 'ALL');
INSERT INTO `t_consume_statistic` VALUES (1141, 'WATER', 215, '2022-08-17', 414, 'GROUP');
INSERT INTO `t_consume_statistic` VALUES (1142, 'ELECTRIC', 205, '2022-08-17', 3, 'GROUP');
INSERT INTO `t_consume_statistic` VALUES (1143, 'MEAL_EXPENSE', 71, '2022-08-17', 187, 'GROUP');
INSERT INTO `t_consume_statistic` VALUES (1144, 'OTHER', 732, '2022-08-17', 473, 'GROUP');
INSERT INTO `t_consume_statistic` VALUES (1145, NULL, 1223, '2022-08-17', 1077, 'ALL');
INSERT INTO `t_consume_statistic` VALUES (1146, 'WATER', 327, '2022-08-18', 462, 'GROUP');
INSERT INTO `t_consume_statistic` VALUES (1147, 'ELECTRIC', 510, '2022-08-18', 421, 'GROUP');
INSERT INTO `t_consume_statistic` VALUES (1148, 'MEAL_EXPENSE', 741, '2022-08-18', 285, 'GROUP');
INSERT INTO `t_consume_statistic` VALUES (1149, 'OTHER', 15, '2022-08-18', 129, 'GROUP');
INSERT INTO `t_consume_statistic` VALUES (1150, NULL, 1593, '2022-08-18', 1297, 'ALL');
INSERT INTO `t_consume_statistic` VALUES (1151, 'WATER', 749, '2022-08-19', 100, 'GROUP');
INSERT INTO `t_consume_statistic` VALUES (1152, 'ELECTRIC', 497, '2022-08-19', 47, 'GROUP');
INSERT INTO `t_consume_statistic` VALUES (1153, 'MEAL_EXPENSE', 146, '2022-08-19', 490, 'GROUP');
INSERT INTO `t_consume_statistic` VALUES (1154, 'OTHER', 358, '2022-08-19', 349, 'GROUP');
INSERT INTO `t_consume_statistic` VALUES (1155, NULL, 1750, '2022-08-19', 986, 'ALL');
INSERT INTO `t_consume_statistic` VALUES (1156, 'WATER', 347, '2022-08-20', 189, 'GROUP');
INSERT INTO `t_consume_statistic` VALUES (1157, 'ELECTRIC', 507, '2022-08-20', 395, 'GROUP');
INSERT INTO `t_consume_statistic` VALUES (1158, 'MEAL_EXPENSE', 651, '2022-08-20', 120, 'GROUP');
INSERT INTO `t_consume_statistic` VALUES (1159, 'OTHER', 595, '2022-08-20', 315, 'GROUP');
INSERT INTO `t_consume_statistic` VALUES (1160, NULL, 2100, '2022-08-20', 1019, 'ALL');
INSERT INTO `t_consume_statistic` VALUES (1161, 'WATER', 623, '2022-08-21', 254, 'GROUP');
INSERT INTO `t_consume_statistic` VALUES (1162, 'ELECTRIC', 150, '2022-08-21', 46, 'GROUP');
INSERT INTO `t_consume_statistic` VALUES (1163, 'MEAL_EXPENSE', 175, '2022-08-21', 260, 'GROUP');
INSERT INTO `t_consume_statistic` VALUES (1164, 'OTHER', 269, '2022-08-21', 413, 'GROUP');
INSERT INTO `t_consume_statistic` VALUES (1165, NULL, 1217, '2022-08-21', 973, 'ALL');
INSERT INTO `t_consume_statistic` VALUES (1166, 'WATER', 459, '2022-08-22', 97, 'GROUP');
INSERT INTO `t_consume_statistic` VALUES (1167, 'ELECTRIC', 983, '2022-08-22', 210, 'GROUP');
INSERT INTO `t_consume_statistic` VALUES (1168, 'MEAL_EXPENSE', 851, '2022-08-22', 363, 'GROUP');
INSERT INTO `t_consume_statistic` VALUES (1169, 'OTHER', 198, '2022-08-22', 449, 'GROUP');
INSERT INTO `t_consume_statistic` VALUES (1170, NULL, 2491, '2022-08-22', 1119, 'ALL');
INSERT INTO `t_consume_statistic` VALUES (1171, 'WATER', 126, '2022-08-23', 155, 'GROUP');
INSERT INTO `t_consume_statistic` VALUES (1172, 'ELECTRIC', 96, '2022-08-23', 442, 'GROUP');
INSERT INTO `t_consume_statistic` VALUES (1173, 'MEAL_EXPENSE', 150, '2022-08-23', 90, 'GROUP');
INSERT INTO `t_consume_statistic` VALUES (1174, 'OTHER', 741, '2022-08-23', 201, 'GROUP');
INSERT INTO `t_consume_statistic` VALUES (1175, NULL, 1113, '2022-08-23', 888, 'ALL');
INSERT INTO `t_consume_statistic` VALUES (1176, 'WATER', 65, '2022-08-24', 66, 'GROUP');
INSERT INTO `t_consume_statistic` VALUES (1177, 'ELECTRIC', 179, '2022-08-24', 28, 'GROUP');
INSERT INTO `t_consume_statistic` VALUES (1178, 'MEAL_EXPENSE', 822, '2022-08-24', 102, 'GROUP');
INSERT INTO `t_consume_statistic` VALUES (1179, 'OTHER', 341, '2022-08-24', 433, 'GROUP');
INSERT INTO `t_consume_statistic` VALUES (1180, NULL, 1407, '2022-08-24', 629, 'ALL');
INSERT INTO `t_consume_statistic` VALUES (1181, 'WATER', 823, '2022-08-25', 236, 'GROUP');
INSERT INTO `t_consume_statistic` VALUES (1182, 'ELECTRIC', 673, '2022-08-25', 390, 'GROUP');
INSERT INTO `t_consume_statistic` VALUES (1183, 'MEAL_EXPENSE', 691, '2022-08-25', 259, 'GROUP');
INSERT INTO `t_consume_statistic` VALUES (1184, 'OTHER', 971, '2022-08-25', 421, 'GROUP');
INSERT INTO `t_consume_statistic` VALUES (1185, NULL, 3158, '2022-08-25', 1306, 'ALL');
INSERT INTO `t_consume_statistic` VALUES (1186, 'WATER', 442, '2022-08-26', 480, 'GROUP');
INSERT INTO `t_consume_statistic` VALUES (1187, 'ELECTRIC', 290, '2022-08-26', 466, 'GROUP');
INSERT INTO `t_consume_statistic` VALUES (1188, 'MEAL_EXPENSE', 455, '2022-08-26', 94, 'GROUP');
INSERT INTO `t_consume_statistic` VALUES (1189, 'OTHER', 216, '2022-08-26', 210, 'GROUP');
INSERT INTO `t_consume_statistic` VALUES (1190, NULL, 1403, '2022-08-26', 1250, 'ALL');
INSERT INTO `t_consume_statistic` VALUES (1191, 'WATER', 490, '2022-08-27', 80, 'GROUP');
INSERT INTO `t_consume_statistic` VALUES (1192, 'ELECTRIC', 11, '2022-08-27', 458, 'GROUP');
INSERT INTO `t_consume_statistic` VALUES (1193, 'MEAL_EXPENSE', 794, '2022-08-27', 230, 'GROUP');
INSERT INTO `t_consume_statistic` VALUES (1194, 'OTHER', 988, '2022-08-27', 404, 'GROUP');
INSERT INTO `t_consume_statistic` VALUES (1195, NULL, 2283, '2022-08-27', 1172, 'ALL');
INSERT INTO `t_consume_statistic` VALUES (1196, 'WATER', 639, '2022-08-28', 447, 'GROUP');
INSERT INTO `t_consume_statistic` VALUES (1197, 'ELECTRIC', 776, '2022-08-28', 261, 'GROUP');
INSERT INTO `t_consume_statistic` VALUES (1198, 'MEAL_EXPENSE', 627, '2022-08-28', 121, 'GROUP');
INSERT INTO `t_consume_statistic` VALUES (1199, 'OTHER', 939, '2022-08-28', 71, 'GROUP');
INSERT INTO `t_consume_statistic` VALUES (1200, NULL, 2981, '2022-08-28', 900, 'ALL');
INSERT INTO `t_consume_statistic` VALUES (1201, 'WATER', 381, '2022-08-29', 426, 'GROUP');
INSERT INTO `t_consume_statistic` VALUES (1202, 'ELECTRIC', 167, '2022-08-29', 347, 'GROUP');
INSERT INTO `t_consume_statistic` VALUES (1203, 'MEAL_EXPENSE', 917, '2022-08-29', 222, 'GROUP');
INSERT INTO `t_consume_statistic` VALUES (1204, 'OTHER', 501, '2022-08-29', 363, 'GROUP');
INSERT INTO `t_consume_statistic` VALUES (1205, NULL, 1966, '2022-08-29', 1358, 'ALL');
INSERT INTO `t_consume_statistic` VALUES (1206, 'WATER', 758, '2022-08-30', 149, 'GROUP');
INSERT INTO `t_consume_statistic` VALUES (1207, 'ELECTRIC', 94, '2022-08-30', 247, 'GROUP');
INSERT INTO `t_consume_statistic` VALUES (1208, 'MEAL_EXPENSE', 960, '2022-08-30', 59, 'GROUP');
INSERT INTO `t_consume_statistic` VALUES (1209, 'OTHER', 296, '2022-08-30', 110, 'GROUP');
INSERT INTO `t_consume_statistic` VALUES (1210, NULL, 2108, '2022-08-30', 565, 'ALL');
INSERT INTO `t_consume_statistic` VALUES (1211, 'WATER', 526, '2022-08-31', 421, 'GROUP');
INSERT INTO `t_consume_statistic` VALUES (1212, 'ELECTRIC', 881, '2022-08-31', 328, 'GROUP');
INSERT INTO `t_consume_statistic` VALUES (1213, 'MEAL_EXPENSE', 938, '2022-08-31', 276, 'GROUP');
INSERT INTO `t_consume_statistic` VALUES (1214, 'OTHER', 238, '2022-08-31', 271, 'GROUP');
INSERT INTO `t_consume_statistic` VALUES (1215, NULL, 2583, '2022-08-31', 1296, 'ALL');
INSERT INTO `t_consume_statistic` VALUES (1216, 'WATER', 128, '2022-09-01', 432, 'GROUP');
INSERT INTO `t_consume_statistic` VALUES (1217, 'ELECTRIC', 376, '2022-09-01', 494, 'GROUP');
INSERT INTO `t_consume_statistic` VALUES (1218, 'MEAL_EXPENSE', 545, '2022-09-01', 263, 'GROUP');
INSERT INTO `t_consume_statistic` VALUES (1219, 'OTHER', 843, '2022-09-01', 454, 'GROUP');
INSERT INTO `t_consume_statistic` VALUES (1220, NULL, 1892, '2022-09-01', 1643, 'ALL');
INSERT INTO `t_consume_statistic` VALUES (1221, 'WATER', 68, '2022-09-02', 315, 'GROUP');
INSERT INTO `t_consume_statistic` VALUES (1222, 'ELECTRIC', 367, '2022-09-02', 301, 'GROUP');
INSERT INTO `t_consume_statistic` VALUES (1223, 'MEAL_EXPENSE', 552, '2022-09-02', 236, 'GROUP');
INSERT INTO `t_consume_statistic` VALUES (1224, 'OTHER', 118, '2022-09-02', 418, 'GROUP');
INSERT INTO `t_consume_statistic` VALUES (1225, NULL, 1105, '2022-09-02', 1270, 'ALL');
INSERT INTO `t_consume_statistic` VALUES (1226, 'WATER', 789, '2022-09-03', 258, 'GROUP');
INSERT INTO `t_consume_statistic` VALUES (1227, 'ELECTRIC', 284, '2022-09-03', 239, 'GROUP');
INSERT INTO `t_consume_statistic` VALUES (1228, 'MEAL_EXPENSE', 835, '2022-09-03', 361, 'GROUP');
INSERT INTO `t_consume_statistic` VALUES (1229, 'OTHER', 712, '2022-09-03', 7, 'GROUP');
INSERT INTO `t_consume_statistic` VALUES (1230, NULL, 2620, '2022-09-03', 865, 'ALL');
INSERT INTO `t_consume_statistic` VALUES (1231, 'WATER', 598, '2022-09-04', 2, 'GROUP');
INSERT INTO `t_consume_statistic` VALUES (1232, 'ELECTRIC', 251, '2022-09-04', 477, 'GROUP');
INSERT INTO `t_consume_statistic` VALUES (1233, 'MEAL_EXPENSE', 327, '2022-09-04', 280, 'GROUP');
INSERT INTO `t_consume_statistic` VALUES (1234, 'OTHER', 622, '2022-09-04', 153, 'GROUP');
INSERT INTO `t_consume_statistic` VALUES (1235, NULL, 1798, '2022-09-04', 912, 'ALL');
INSERT INTO `t_consume_statistic` VALUES (1236, 'WATER', 923, '2022-09-05', 143, 'GROUP');
INSERT INTO `t_consume_statistic` VALUES (1237, 'ELECTRIC', 857, '2022-09-05', 174, 'GROUP');
INSERT INTO `t_consume_statistic` VALUES (1238, 'MEAL_EXPENSE', 435, '2022-09-05', 421, 'GROUP');
INSERT INTO `t_consume_statistic` VALUES (1239, 'OTHER', 134, '2022-09-05', 45, 'GROUP');
INSERT INTO `t_consume_statistic` VALUES (1240, NULL, 2349, '2022-09-05', 783, 'ALL');
INSERT INTO `t_consume_statistic` VALUES (1241, 'WATER', 290, '2022-09-06', 152, 'GROUP');
INSERT INTO `t_consume_statistic` VALUES (1242, 'ELECTRIC', 359, '2022-09-06', 393, 'GROUP');
INSERT INTO `t_consume_statistic` VALUES (1243, 'MEAL_EXPENSE', 370, '2022-09-06', 344, 'GROUP');
INSERT INTO `t_consume_statistic` VALUES (1244, 'OTHER', 149, '2022-09-06', 248, 'GROUP');
INSERT INTO `t_consume_statistic` VALUES (1245, NULL, 1168, '2022-09-06', 1137, 'ALL');
INSERT INTO `t_consume_statistic` VALUES (1246, 'WATER', 259, '2022-09-07', 327, 'GROUP');
INSERT INTO `t_consume_statistic` VALUES (1247, 'ELECTRIC', 723, '2022-09-07', 105, 'GROUP');
INSERT INTO `t_consume_statistic` VALUES (1248, 'MEAL_EXPENSE', 135, '2022-09-07', 58, 'GROUP');
INSERT INTO `t_consume_statistic` VALUES (1249, 'OTHER', 114, '2022-09-07', 258, 'GROUP');
INSERT INTO `t_consume_statistic` VALUES (1250, NULL, 1231, '2022-09-07', 748, 'ALL');
INSERT INTO `t_consume_statistic` VALUES (1251, 'WATER', 547, '2022-09-08', 453, 'GROUP');
INSERT INTO `t_consume_statistic` VALUES (1252, 'ELECTRIC', 807, '2022-09-08', 382, 'GROUP');
INSERT INTO `t_consume_statistic` VALUES (1253, 'MEAL_EXPENSE', 509, '2022-09-08', 56, 'GROUP');
INSERT INTO `t_consume_statistic` VALUES (1254, 'OTHER', 749, '2022-09-08', 453, 'GROUP');
INSERT INTO `t_consume_statistic` VALUES (1255, NULL, 2612, '2022-09-08', 1344, 'ALL');
INSERT INTO `t_consume_statistic` VALUES (1256, 'WATER', 153, '2022-09-09', 302, 'GROUP');
INSERT INTO `t_consume_statistic` VALUES (1257, 'ELECTRIC', 364, '2022-09-09', 72, 'GROUP');
INSERT INTO `t_consume_statistic` VALUES (1258, 'MEAL_EXPENSE', 798, '2022-09-09', 366, 'GROUP');
INSERT INTO `t_consume_statistic` VALUES (1259, 'OTHER', 934, '2022-09-09', 60, 'GROUP');
INSERT INTO `t_consume_statistic` VALUES (1260, NULL, 2249, '2022-09-09', 800, 'ALL');
INSERT INTO `t_consume_statistic` VALUES (1261, 'WATER', 102, '2022-09-10', 411, 'GROUP');
INSERT INTO `t_consume_statistic` VALUES (1262, 'ELECTRIC', 110, '2022-09-10', 256, 'GROUP');
INSERT INTO `t_consume_statistic` VALUES (1263, 'MEAL_EXPENSE', 622, '2022-09-10', 251, 'GROUP');
INSERT INTO `t_consume_statistic` VALUES (1264, 'OTHER', 882, '2022-09-10', 368, 'GROUP');
INSERT INTO `t_consume_statistic` VALUES (1265, NULL, 1716, '2022-09-10', 1286, 'ALL');
INSERT INTO `t_consume_statistic` VALUES (1266, 'WATER', 327, '2022-09-11', 49, 'GROUP');
INSERT INTO `t_consume_statistic` VALUES (1267, 'ELECTRIC', 873, '2022-09-11', 492, 'GROUP');
INSERT INTO `t_consume_statistic` VALUES (1268, 'MEAL_EXPENSE', 143, '2022-09-11', 432, 'GROUP');
INSERT INTO `t_consume_statistic` VALUES (1269, 'OTHER', 507, '2022-09-11', 317, 'GROUP');
INSERT INTO `t_consume_statistic` VALUES (1270, NULL, 1850, '2022-09-11', 1290, 'ALL');
INSERT INTO `t_consume_statistic` VALUES (1271, 'WATER', 547, '2022-09-12', 68, 'GROUP');
INSERT INTO `t_consume_statistic` VALUES (1272, 'ELECTRIC', 423, '2022-09-12', 380, 'GROUP');
INSERT INTO `t_consume_statistic` VALUES (1273, 'MEAL_EXPENSE', 735, '2022-09-12', 475, 'GROUP');
INSERT INTO `t_consume_statistic` VALUES (1274, 'OTHER', 741, '2022-09-12', 447, 'GROUP');
INSERT INTO `t_consume_statistic` VALUES (1275, NULL, 2446, '2022-09-12', 1370, 'ALL');
INSERT INTO `t_consume_statistic` VALUES (1276, 'WATER', 690, '2022-09-13', 259, 'GROUP');
INSERT INTO `t_consume_statistic` VALUES (1277, 'ELECTRIC', 462, '2022-09-13', 420, 'GROUP');
INSERT INTO `t_consume_statistic` VALUES (1278, 'MEAL_EXPENSE', 105, '2022-09-13', 16, 'GROUP');
INSERT INTO `t_consume_statistic` VALUES (1279, 'OTHER', 49, '2022-09-13', 413, 'GROUP');
INSERT INTO `t_consume_statistic` VALUES (1280, NULL, 1306, '2022-09-13', 1108, 'ALL');
INSERT INTO `t_consume_statistic` VALUES (1281, 'WATER', 630, '2022-09-14', 10, 'GROUP');
INSERT INTO `t_consume_statistic` VALUES (1282, 'ELECTRIC', 550, '2022-09-14', 260, 'GROUP');
INSERT INTO `t_consume_statistic` VALUES (1283, 'MEAL_EXPENSE', 242, '2022-09-14', 465, 'GROUP');
INSERT INTO `t_consume_statistic` VALUES (1284, 'OTHER', 152, '2022-09-14', 266, 'GROUP');
INSERT INTO `t_consume_statistic` VALUES (1285, NULL, 1574, '2022-09-14', 1001, 'ALL');
INSERT INTO `t_consume_statistic` VALUES (1286, 'WATER', 349, '2022-09-15', 384, 'GROUP');
INSERT INTO `t_consume_statistic` VALUES (1287, 'ELECTRIC', 481, '2022-09-15', 395, 'GROUP');
INSERT INTO `t_consume_statistic` VALUES (1288, 'MEAL_EXPENSE', 137, '2022-09-15', 392, 'GROUP');
INSERT INTO `t_consume_statistic` VALUES (1289, 'OTHER', 952, '2022-09-15', 326, 'GROUP');
INSERT INTO `t_consume_statistic` VALUES (1290, NULL, 1919, '2022-09-15', 1497, 'ALL');
INSERT INTO `t_consume_statistic` VALUES (1291, 'WATER', 790, '2022-09-16', 45, 'GROUP');
INSERT INTO `t_consume_statistic` VALUES (1292, 'ELECTRIC', 406, '2022-09-16', 369, 'GROUP');
INSERT INTO `t_consume_statistic` VALUES (1293, 'MEAL_EXPENSE', 514, '2022-09-16', 59, 'GROUP');
INSERT INTO `t_consume_statistic` VALUES (1294, 'OTHER', 342, '2022-09-16', 293, 'GROUP');
INSERT INTO `t_consume_statistic` VALUES (1295, NULL, 2052, '2022-09-16', 766, 'ALL');
INSERT INTO `t_consume_statistic` VALUES (1296, 'WATER', 387, '2022-09-17', 132, 'GROUP');
INSERT INTO `t_consume_statistic` VALUES (1297, 'ELECTRIC', 773, '2022-09-17', 45, 'GROUP');
INSERT INTO `t_consume_statistic` VALUES (1298, 'MEAL_EXPENSE', 883, '2022-09-17', 123, 'GROUP');
INSERT INTO `t_consume_statistic` VALUES (1299, 'OTHER', 144, '2022-09-17', 497, 'GROUP');
INSERT INTO `t_consume_statistic` VALUES (1300, NULL, 2187, '2022-09-17', 797, 'ALL');
INSERT INTO `t_consume_statistic` VALUES (1301, 'WATER', 827, '2022-09-18', 490, 'GROUP');
INSERT INTO `t_consume_statistic` VALUES (1302, 'ELECTRIC', 121, '2022-09-18', 130, 'GROUP');
INSERT INTO `t_consume_statistic` VALUES (1303, 'MEAL_EXPENSE', 746, '2022-09-18', 461, 'GROUP');
INSERT INTO `t_consume_statistic` VALUES (1304, 'OTHER', 846, '2022-09-18', 365, 'GROUP');
INSERT INTO `t_consume_statistic` VALUES (1305, NULL, 2540, '2022-09-18', 1446, 'ALL');
INSERT INTO `t_consume_statistic` VALUES (1306, 'WATER', 91, '2022-09-19', 421, 'GROUP');
INSERT INTO `t_consume_statistic` VALUES (1307, 'ELECTRIC', 233, '2022-09-19', 190, 'GROUP');
INSERT INTO `t_consume_statistic` VALUES (1308, 'MEAL_EXPENSE', 722, '2022-09-19', 191, 'GROUP');
INSERT INTO `t_consume_statistic` VALUES (1309, 'OTHER', 526, '2022-09-19', 297, 'GROUP');
INSERT INTO `t_consume_statistic` VALUES (1310, NULL, 1572, '2022-09-19', 1099, 'ALL');
INSERT INTO `t_consume_statistic` VALUES (1311, 'WATER', 265, '2022-09-20', 390, 'GROUP');
INSERT INTO `t_consume_statistic` VALUES (1312, 'ELECTRIC', 227, '2022-09-20', 226, 'GROUP');
INSERT INTO `t_consume_statistic` VALUES (1313, 'MEAL_EXPENSE', 131, '2022-09-20', 499, 'GROUP');
INSERT INTO `t_consume_statistic` VALUES (1314, 'OTHER', 295, '2022-09-20', 200, 'GROUP');
INSERT INTO `t_consume_statistic` VALUES (1315, NULL, 918, '2022-09-20', 1315, 'ALL');
INSERT INTO `t_consume_statistic` VALUES (1316, 'WATER', 237, '2022-09-21', 462, 'GROUP');
INSERT INTO `t_consume_statistic` VALUES (1317, 'ELECTRIC', 74, '2022-09-21', 232, 'GROUP');
INSERT INTO `t_consume_statistic` VALUES (1318, 'MEAL_EXPENSE', 839, '2022-09-21', 93, 'GROUP');
INSERT INTO `t_consume_statistic` VALUES (1319, 'OTHER', 144, '2022-09-21', 336, 'GROUP');
INSERT INTO `t_consume_statistic` VALUES (1320, NULL, 1294, '2022-09-21', 1123, 'ALL');
INSERT INTO `t_consume_statistic` VALUES (1321, 'WATER', 328, '2022-09-22', 165, 'GROUP');
INSERT INTO `t_consume_statistic` VALUES (1322, 'ELECTRIC', 446, '2022-09-22', 184, 'GROUP');
INSERT INTO `t_consume_statistic` VALUES (1323, 'MEAL_EXPENSE', 679, '2022-09-22', 306, 'GROUP');
INSERT INTO `t_consume_statistic` VALUES (1324, 'OTHER', 625, '2022-09-22', 409, 'GROUP');
INSERT INTO `t_consume_statistic` VALUES (1325, NULL, 2078, '2022-09-22', 1064, 'ALL');
INSERT INTO `t_consume_statistic` VALUES (1326, 'WATER', 290, '2022-09-23', 461, 'GROUP');
INSERT INTO `t_consume_statistic` VALUES (1327, 'ELECTRIC', 425, '2022-09-23', 344, 'GROUP');
INSERT INTO `t_consume_statistic` VALUES (1328, 'MEAL_EXPENSE', 714, '2022-09-23', 110, 'GROUP');
INSERT INTO `t_consume_statistic` VALUES (1329, 'OTHER', 828, '2022-09-23', 22, 'GROUP');
INSERT INTO `t_consume_statistic` VALUES (1330, NULL, 2257, '2022-09-23', 937, 'ALL');
INSERT INTO `t_consume_statistic` VALUES (1331, 'WATER', 570, '2022-09-24', 198, 'GROUP');
INSERT INTO `t_consume_statistic` VALUES (1332, 'ELECTRIC', 977, '2022-09-24', 329, 'GROUP');
INSERT INTO `t_consume_statistic` VALUES (1333, 'MEAL_EXPENSE', 188, '2022-09-24', 26, 'GROUP');
INSERT INTO `t_consume_statistic` VALUES (1334, 'OTHER', 571, '2022-09-24', 178, 'GROUP');
INSERT INTO `t_consume_statistic` VALUES (1335, NULL, 2306, '2022-09-24', 731, 'ALL');
INSERT INTO `t_consume_statistic` VALUES (1336, 'WATER', 96, '2022-09-25', 391, 'GROUP');
INSERT INTO `t_consume_statistic` VALUES (1337, 'ELECTRIC', 290, '2022-09-25', 373, 'GROUP');
INSERT INTO `t_consume_statistic` VALUES (1338, 'MEAL_EXPENSE', 539, '2022-09-25', 327, 'GROUP');
INSERT INTO `t_consume_statistic` VALUES (1339, 'OTHER', 549, '2022-09-25', 254, 'GROUP');
INSERT INTO `t_consume_statistic` VALUES (1340, NULL, 1474, '2022-09-25', 1345, 'ALL');
INSERT INTO `t_consume_statistic` VALUES (1341, 'WATER', 821, '2022-09-26', 175, 'GROUP');
INSERT INTO `t_consume_statistic` VALUES (1342, 'ELECTRIC', 440, '2022-09-26', 289, 'GROUP');
INSERT INTO `t_consume_statistic` VALUES (1343, 'MEAL_EXPENSE', 8, '2022-09-26', 448, 'GROUP');
INSERT INTO `t_consume_statistic` VALUES (1344, 'OTHER', 958, '2022-09-26', 27, 'GROUP');
INSERT INTO `t_consume_statistic` VALUES (1345, NULL, 2227, '2022-09-26', 939, 'ALL');
INSERT INTO `t_consume_statistic` VALUES (1346, 'WATER', 803, '2022-09-27', 151, 'GROUP');
INSERT INTO `t_consume_statistic` VALUES (1347, 'ELECTRIC', 9, '2022-09-27', 60, 'GROUP');
INSERT INTO `t_consume_statistic` VALUES (1348, 'MEAL_EXPENSE', 532, '2022-09-27', 127, 'GROUP');
INSERT INTO `t_consume_statistic` VALUES (1349, 'OTHER', 185, '2022-09-27', 317, 'GROUP');
INSERT INTO `t_consume_statistic` VALUES (1350, NULL, 1529, '2022-09-27', 655, 'ALL');
INSERT INTO `t_consume_statistic` VALUES (1351, 'WATER', 147, '2022-09-28', 19, 'GROUP');
INSERT INTO `t_consume_statistic` VALUES (1352, 'ELECTRIC', 993, '2022-09-28', 9, 'GROUP');
INSERT INTO `t_consume_statistic` VALUES (1353, 'MEAL_EXPENSE', 256, '2022-09-28', 313, 'GROUP');
INSERT INTO `t_consume_statistic` VALUES (1354, 'OTHER', 935, '2022-09-28', 497, 'GROUP');
INSERT INTO `t_consume_statistic` VALUES (1355, NULL, 2331, '2022-09-28', 838, 'ALL');
INSERT INTO `t_consume_statistic` VALUES (1356, 'WATER', 94, '2022-09-29', 131, 'GROUP');
INSERT INTO `t_consume_statistic` VALUES (1357, 'ELECTRIC', 815, '2022-09-29', 314, 'GROUP');
INSERT INTO `t_consume_statistic` VALUES (1358, 'MEAL_EXPENSE', 92, '2022-09-29', 73, 'GROUP');
INSERT INTO `t_consume_statistic` VALUES (1359, 'OTHER', 390, '2022-09-29', 117, 'GROUP');
INSERT INTO `t_consume_statistic` VALUES (1360, NULL, 1391, '2022-09-29', 635, 'ALL');
INSERT INTO `t_consume_statistic` VALUES (1361, 'WATER', 703, '2022-09-30', 186, 'GROUP');
INSERT INTO `t_consume_statistic` VALUES (1362, 'ELECTRIC', 950, '2022-09-30', 371, 'GROUP');
INSERT INTO `t_consume_statistic` VALUES (1363, 'MEAL_EXPENSE', 847, '2022-09-30', 16, 'GROUP');
INSERT INTO `t_consume_statistic` VALUES (1364, 'OTHER', 468, '2022-09-30', 225, 'GROUP');
INSERT INTO `t_consume_statistic` VALUES (1365, NULL, 2968, '2022-09-30', 798, 'ALL');
INSERT INTO `t_consume_statistic` VALUES (1366, 'WATER', 921, '2022-10-01', 95, 'GROUP');
INSERT INTO `t_consume_statistic` VALUES (1367, 'ELECTRIC', 247, '2022-10-01', 34, 'GROUP');
INSERT INTO `t_consume_statistic` VALUES (1368, 'MEAL_EXPENSE', 720, '2022-10-01', 221, 'GROUP');
INSERT INTO `t_consume_statistic` VALUES (1369, 'OTHER', 347, '2022-10-01', 84, 'GROUP');
INSERT INTO `t_consume_statistic` VALUES (1370, NULL, 2235, '2022-10-01', 434, 'ALL');
INSERT INTO `t_consume_statistic` VALUES (1371, 'WATER', 634, '2022-10-02', 193, 'GROUP');
INSERT INTO `t_consume_statistic` VALUES (1372, 'ELECTRIC', 806, '2022-10-02', 354, 'GROUP');
INSERT INTO `t_consume_statistic` VALUES (1373, 'MEAL_EXPENSE', 779, '2022-10-02', 246, 'GROUP');
INSERT INTO `t_consume_statistic` VALUES (1374, 'OTHER', 906, '2022-10-02', 370, 'GROUP');
INSERT INTO `t_consume_statistic` VALUES (1375, NULL, 3125, '2022-10-02', 1163, 'ALL');
INSERT INTO `t_consume_statistic` VALUES (1376, 'WATER', 328, '2022-10-03', 274, 'GROUP');
INSERT INTO `t_consume_statistic` VALUES (1377, 'ELECTRIC', 436, '2022-10-03', 290, 'GROUP');
INSERT INTO `t_consume_statistic` VALUES (1378, 'MEAL_EXPENSE', 698, '2022-10-03', 393, 'GROUP');
INSERT INTO `t_consume_statistic` VALUES (1379, 'OTHER', 299, '2022-10-03', 274, 'GROUP');
INSERT INTO `t_consume_statistic` VALUES (1380, NULL, 1761, '2022-10-03', 1231, 'ALL');
INSERT INTO `t_consume_statistic` VALUES (1381, 'WATER', 109, '2022-10-04', 178, 'GROUP');
INSERT INTO `t_consume_statistic` VALUES (1382, 'ELECTRIC', 205, '2022-10-04', 8, 'GROUP');
INSERT INTO `t_consume_statistic` VALUES (1383, 'MEAL_EXPENSE', 327, '2022-10-04', 151, 'GROUP');
INSERT INTO `t_consume_statistic` VALUES (1384, 'OTHER', 825, '2022-10-04', 440, 'GROUP');
INSERT INTO `t_consume_statistic` VALUES (1385, NULL, 1466, '2022-10-04', 777, 'ALL');
INSERT INTO `t_consume_statistic` VALUES (1386, 'WATER', 877, '2022-10-05', 482, 'GROUP');
INSERT INTO `t_consume_statistic` VALUES (1387, 'ELECTRIC', 648, '2022-10-05', 313, 'GROUP');
INSERT INTO `t_consume_statistic` VALUES (1388, 'MEAL_EXPENSE', 961, '2022-10-05', 0, 'GROUP');
INSERT INTO `t_consume_statistic` VALUES (1389, 'OTHER', 966, '2022-10-05', 145, 'GROUP');
INSERT INTO `t_consume_statistic` VALUES (1390, NULL, 3452, '2022-10-05', 940, 'ALL');
INSERT INTO `t_consume_statistic` VALUES (1391, 'WATER', 876, '2022-10-06', 450, 'GROUP');
INSERT INTO `t_consume_statistic` VALUES (1392, 'ELECTRIC', 670, '2022-10-06', 361, 'GROUP');
INSERT INTO `t_consume_statistic` VALUES (1393, 'MEAL_EXPENSE', 460, '2022-10-06', 201, 'GROUP');
INSERT INTO `t_consume_statistic` VALUES (1394, 'OTHER', 228, '2022-10-06', 466, 'GROUP');
INSERT INTO `t_consume_statistic` VALUES (1395, NULL, 2234, '2022-10-06', 1478, 'ALL');
INSERT INTO `t_consume_statistic` VALUES (1396, 'WATER', 953, '2022-10-07', 383, 'GROUP');
INSERT INTO `t_consume_statistic` VALUES (1397, 'ELECTRIC', 250, '2022-10-07', 73, 'GROUP');
INSERT INTO `t_consume_statistic` VALUES (1398, 'MEAL_EXPENSE', 754, '2022-10-07', 402, 'GROUP');
INSERT INTO `t_consume_statistic` VALUES (1399, 'OTHER', 185, '2022-10-07', 194, 'GROUP');
INSERT INTO `t_consume_statistic` VALUES (1400, NULL, 2142, '2022-10-07', 1052, 'ALL');
INSERT INTO `t_consume_statistic` VALUES (1401, 'WATER', 572, '2022-10-08', 64, 'GROUP');
INSERT INTO `t_consume_statistic` VALUES (1402, 'ELECTRIC', 255, '2022-10-08', 225, 'GROUP');
INSERT INTO `t_consume_statistic` VALUES (1403, 'MEAL_EXPENSE', 121, '2022-10-08', 394, 'GROUP');
INSERT INTO `t_consume_statistic` VALUES (1404, 'OTHER', 523, '2022-10-08', 17, 'GROUP');
INSERT INTO `t_consume_statistic` VALUES (1405, NULL, 1471, '2022-10-08', 700, 'ALL');
INSERT INTO `t_consume_statistic` VALUES (1406, 'WATER', 975, '2022-10-09', 348, 'GROUP');
INSERT INTO `t_consume_statistic` VALUES (1407, 'ELECTRIC', 733, '2022-10-09', 136, 'GROUP');
INSERT INTO `t_consume_statistic` VALUES (1408, 'MEAL_EXPENSE', 947, '2022-10-09', 31, 'GROUP');
INSERT INTO `t_consume_statistic` VALUES (1409, 'OTHER', 4, '2022-10-09', 286, 'GROUP');
INSERT INTO `t_consume_statistic` VALUES (1410, NULL, 2659, '2022-10-09', 801, 'ALL');
INSERT INTO `t_consume_statistic` VALUES (1411, 'WATER', 114, '2022-10-10', 126, 'GROUP');
INSERT INTO `t_consume_statistic` VALUES (1412, 'ELECTRIC', 958, '2022-10-10', 172, 'GROUP');
INSERT INTO `t_consume_statistic` VALUES (1413, 'MEAL_EXPENSE', 39, '2022-10-10', 475, 'GROUP');
INSERT INTO `t_consume_statistic` VALUES (1414, 'OTHER', 657, '2022-10-10', 196, 'GROUP');
INSERT INTO `t_consume_statistic` VALUES (1415, NULL, 1768, '2022-10-10', 969, 'ALL');
INSERT INTO `t_consume_statistic` VALUES (1416, 'WATER', 320, '2022-10-11', 176, 'GROUP');
INSERT INTO `t_consume_statistic` VALUES (1417, 'ELECTRIC', 196, '2022-10-11', 79, 'GROUP');
INSERT INTO `t_consume_statistic` VALUES (1418, 'MEAL_EXPENSE', 539, '2022-10-11', 223, 'GROUP');
INSERT INTO `t_consume_statistic` VALUES (1419, 'OTHER', 783, '2022-10-11', 294, 'GROUP');
INSERT INTO `t_consume_statistic` VALUES (1420, NULL, 1838, '2022-10-11', 772, 'ALL');
INSERT INTO `t_consume_statistic` VALUES (1421, 'WATER', 388, '2022-10-12', 278, 'GROUP');
INSERT INTO `t_consume_statistic` VALUES (1422, 'ELECTRIC', 48, '2022-10-12', 62, 'GROUP');
INSERT INTO `t_consume_statistic` VALUES (1423, 'MEAL_EXPENSE', 872, '2022-10-12', 335, 'GROUP');
INSERT INTO `t_consume_statistic` VALUES (1424, 'OTHER', 981, '2022-10-12', 48, 'GROUP');
INSERT INTO `t_consume_statistic` VALUES (1425, NULL, 2289, '2022-10-12', 723, 'ALL');
INSERT INTO `t_consume_statistic` VALUES (1426, 'WATER', 288, '2022-10-13', 178, 'GROUP');
INSERT INTO `t_consume_statistic` VALUES (1427, 'ELECTRIC', 939, '2022-10-13', 163, 'GROUP');
INSERT INTO `t_consume_statistic` VALUES (1428, 'MEAL_EXPENSE', 664, '2022-10-13', 146, 'GROUP');
INSERT INTO `t_consume_statistic` VALUES (1429, 'OTHER', 898, '2022-10-13', 207, 'GROUP');
INSERT INTO `t_consume_statistic` VALUES (1430, NULL, 2789, '2022-10-13', 694, 'ALL');
INSERT INTO `t_consume_statistic` VALUES (1431, 'WATER', 315, '2022-10-14', 410, 'GROUP');
INSERT INTO `t_consume_statistic` VALUES (1432, 'ELECTRIC', 700, '2022-10-14', 376, 'GROUP');
INSERT INTO `t_consume_statistic` VALUES (1433, 'MEAL_EXPENSE', 881, '2022-10-14', 31, 'GROUP');
INSERT INTO `t_consume_statistic` VALUES (1434, 'OTHER', 417, '2022-10-14', 427, 'GROUP');
INSERT INTO `t_consume_statistic` VALUES (1435, NULL, 2313, '2022-10-14', 1244, 'ALL');
INSERT INTO `t_consume_statistic` VALUES (1436, 'WATER', 434, '2022-10-15', 178, 'GROUP');
INSERT INTO `t_consume_statistic` VALUES (1437, 'ELECTRIC', 427, '2022-10-15', 418, 'GROUP');
INSERT INTO `t_consume_statistic` VALUES (1438, 'MEAL_EXPENSE', 410, '2022-10-15', 95, 'GROUP');
INSERT INTO `t_consume_statistic` VALUES (1439, 'OTHER', 560, '2022-10-15', 141, 'GROUP');
INSERT INTO `t_consume_statistic` VALUES (1440, NULL, 1831, '2022-10-15', 832, 'ALL');
INSERT INTO `t_consume_statistic` VALUES (1441, 'WATER', 9, '2022-10-16', 428, 'GROUP');
INSERT INTO `t_consume_statistic` VALUES (1442, 'ELECTRIC', 88, '2022-10-16', 208, 'GROUP');
INSERT INTO `t_consume_statistic` VALUES (1443, 'MEAL_EXPENSE', 114, '2022-10-16', 400, 'GROUP');
INSERT INTO `t_consume_statistic` VALUES (1444, 'OTHER', 212, '2022-10-16', 231, 'GROUP');
INSERT INTO `t_consume_statistic` VALUES (1445, NULL, 423, '2022-10-16', 1267, 'ALL');
INSERT INTO `t_consume_statistic` VALUES (1446, 'WATER', 393, '2022-10-17', 116, 'GROUP');
INSERT INTO `t_consume_statistic` VALUES (1447, 'ELECTRIC', 687, '2022-10-17', 342, 'GROUP');
INSERT INTO `t_consume_statistic` VALUES (1448, 'MEAL_EXPENSE', 432, '2022-10-17', 282, 'GROUP');
INSERT INTO `t_consume_statistic` VALUES (1449, 'OTHER', 740, '2022-10-17', 410, 'GROUP');
INSERT INTO `t_consume_statistic` VALUES (1450, NULL, 2252, '2022-10-17', 1150, 'ALL');
INSERT INTO `t_consume_statistic` VALUES (1451, 'WATER', 401, '2022-10-18', 398, 'GROUP');
INSERT INTO `t_consume_statistic` VALUES (1452, 'ELECTRIC', 744, '2022-10-18', 211, 'GROUP');
INSERT INTO `t_consume_statistic` VALUES (1453, 'MEAL_EXPENSE', 709, '2022-10-18', 491, 'GROUP');
INSERT INTO `t_consume_statistic` VALUES (1454, 'OTHER', 624, '2022-10-18', 204, 'GROUP');
INSERT INTO `t_consume_statistic` VALUES (1455, NULL, 2478, '2022-10-18', 1304, 'ALL');
INSERT INTO `t_consume_statistic` VALUES (1456, 'WATER', 321, '2022-10-19', 171, 'GROUP');
INSERT INTO `t_consume_statistic` VALUES (1457, 'ELECTRIC', 909, '2022-10-19', 478, 'GROUP');
INSERT INTO `t_consume_statistic` VALUES (1458, 'MEAL_EXPENSE', 859, '2022-10-19', 23, 'GROUP');
INSERT INTO `t_consume_statistic` VALUES (1459, 'OTHER', 91, '2022-10-19', 429, 'GROUP');
INSERT INTO `t_consume_statistic` VALUES (1460, NULL, 2180, '2022-10-19', 1101, 'ALL');
INSERT INTO `t_consume_statistic` VALUES (1461, 'WATER', 846, '2022-10-20', 358, 'GROUP');
INSERT INTO `t_consume_statistic` VALUES (1462, 'ELECTRIC', 18, '2022-10-20', 222, 'GROUP');
INSERT INTO `t_consume_statistic` VALUES (1463, 'MEAL_EXPENSE', 124, '2022-10-20', 94, 'GROUP');
INSERT INTO `t_consume_statistic` VALUES (1464, 'OTHER', 760, '2022-10-20', 285, 'GROUP');
INSERT INTO `t_consume_statistic` VALUES (1465, NULL, 1748, '2022-10-20', 959, 'ALL');
INSERT INTO `t_consume_statistic` VALUES (1466, 'WATER', 795, '2022-10-21', 82, 'GROUP');
INSERT INTO `t_consume_statistic` VALUES (1467, 'ELECTRIC', 435, '2022-10-21', 21, 'GROUP');
INSERT INTO `t_consume_statistic` VALUES (1468, 'MEAL_EXPENSE', 232, '2022-10-21', 370, 'GROUP');
INSERT INTO `t_consume_statistic` VALUES (1469, 'OTHER', 472, '2022-10-21', 472, 'GROUP');
INSERT INTO `t_consume_statistic` VALUES (1470, NULL, 1934, '2022-10-21', 945, 'ALL');
INSERT INTO `t_consume_statistic` VALUES (1471, 'WATER', 891, '2022-10-22', 489, 'GROUP');
INSERT INTO `t_consume_statistic` VALUES (1472, 'ELECTRIC', 670, '2022-10-22', 497, 'GROUP');
INSERT INTO `t_consume_statistic` VALUES (1473, 'MEAL_EXPENSE', 681, '2022-10-22', 491, 'GROUP');
INSERT INTO `t_consume_statistic` VALUES (1474, 'OTHER', 690, '2022-10-22', 52, 'GROUP');
INSERT INTO `t_consume_statistic` VALUES (1475, NULL, 2932, '2022-10-22', 1529, 'ALL');
INSERT INTO `t_consume_statistic` VALUES (1476, 'WATER', 946, '2022-10-23', 169, 'GROUP');
INSERT INTO `t_consume_statistic` VALUES (1477, 'ELECTRIC', 984, '2022-10-23', 56, 'GROUP');
INSERT INTO `t_consume_statistic` VALUES (1478, 'MEAL_EXPENSE', 192, '2022-10-23', 432, 'GROUP');
INSERT INTO `t_consume_statistic` VALUES (1479, 'OTHER', 418, '2022-10-23', 494, 'GROUP');
INSERT INTO `t_consume_statistic` VALUES (1480, NULL, 2540, '2022-10-23', 1151, 'ALL');
INSERT INTO `t_consume_statistic` VALUES (1481, 'WATER', 516, '2022-10-24', 91, 'GROUP');
INSERT INTO `t_consume_statistic` VALUES (1482, 'ELECTRIC', 918, '2022-10-24', 377, 'GROUP');
INSERT INTO `t_consume_statistic` VALUES (1483, 'MEAL_EXPENSE', 77, '2022-10-24', 76, 'GROUP');
INSERT INTO `t_consume_statistic` VALUES (1484, 'OTHER', 392, '2022-10-24', 254, 'GROUP');
INSERT INTO `t_consume_statistic` VALUES (1485, NULL, 1903, '2022-10-24', 798, 'ALL');
INSERT INTO `t_consume_statistic` VALUES (1486, 'WATER', 973, '2022-10-25', 269, 'GROUP');
INSERT INTO `t_consume_statistic` VALUES (1487, 'ELECTRIC', 886, '2022-10-25', 260, 'GROUP');
INSERT INTO `t_consume_statistic` VALUES (1488, 'MEAL_EXPENSE', 739, '2022-10-25', 64, 'GROUP');
INSERT INTO `t_consume_statistic` VALUES (1489, 'OTHER', 815, '2022-10-25', 48, 'GROUP');
INSERT INTO `t_consume_statistic` VALUES (1490, NULL, 3413, '2022-10-25', 641, 'ALL');
INSERT INTO `t_consume_statistic` VALUES (1491, 'WATER', 451, '2022-10-26', 253, 'GROUP');
INSERT INTO `t_consume_statistic` VALUES (1492, 'ELECTRIC', 719, '2022-10-26', 210, 'GROUP');
INSERT INTO `t_consume_statistic` VALUES (1493, 'MEAL_EXPENSE', 152, '2022-10-26', 228, 'GROUP');
INSERT INTO `t_consume_statistic` VALUES (1494, 'OTHER', 348, '2022-10-26', 242, 'GROUP');
INSERT INTO `t_consume_statistic` VALUES (1495, NULL, 1670, '2022-10-26', 933, 'ALL');
INSERT INTO `t_consume_statistic` VALUES (1496, 'WATER', 667, '2022-10-27', 68, 'GROUP');
INSERT INTO `t_consume_statistic` VALUES (1497, 'ELECTRIC', 799, '2022-10-27', 378, 'GROUP');
INSERT INTO `t_consume_statistic` VALUES (1498, 'MEAL_EXPENSE', 34, '2022-10-27', 448, 'GROUP');
INSERT INTO `t_consume_statistic` VALUES (1499, 'OTHER', 700, '2022-10-27', 390, 'GROUP');
INSERT INTO `t_consume_statistic` VALUES (1500, NULL, 2200, '2022-10-27', 1284, 'ALL');
INSERT INTO `t_consume_statistic` VALUES (1501, 'WATER', 14, '2022-10-28', 407, 'GROUP');
INSERT INTO `t_consume_statistic` VALUES (1502, 'ELECTRIC', 661, '2022-10-28', 411, 'GROUP');
INSERT INTO `t_consume_statistic` VALUES (1503, 'MEAL_EXPENSE', 388, '2022-10-28', 277, 'GROUP');
INSERT INTO `t_consume_statistic` VALUES (1504, 'OTHER', 898, '2022-10-28', 164, 'GROUP');
INSERT INTO `t_consume_statistic` VALUES (1505, NULL, 1961, '2022-10-28', 1259, 'ALL');
INSERT INTO `t_consume_statistic` VALUES (1506, 'WATER', 661, '2022-10-29', 155, 'GROUP');
INSERT INTO `t_consume_statistic` VALUES (1507, 'ELECTRIC', 847, '2022-10-29', 71, 'GROUP');
INSERT INTO `t_consume_statistic` VALUES (1508, 'MEAL_EXPENSE', 74, '2022-10-29', 3, 'GROUP');
INSERT INTO `t_consume_statistic` VALUES (1509, 'OTHER', 227, '2022-10-29', 126, 'GROUP');
INSERT INTO `t_consume_statistic` VALUES (1510, NULL, 1809, '2022-10-29', 355, 'ALL');
INSERT INTO `t_consume_statistic` VALUES (1511, 'WATER', 495, '2022-10-30', 184, 'GROUP');
INSERT INTO `t_consume_statistic` VALUES (1512, 'ELECTRIC', 822, '2022-10-30', 196, 'GROUP');
INSERT INTO `t_consume_statistic` VALUES (1513, 'MEAL_EXPENSE', 627, '2022-10-30', 459, 'GROUP');
INSERT INTO `t_consume_statistic` VALUES (1514, 'OTHER', 82, '2022-10-30', 467, 'GROUP');
INSERT INTO `t_consume_statistic` VALUES (1515, NULL, 2026, '2022-10-30', 1306, 'ALL');
INSERT INTO `t_consume_statistic` VALUES (1516, 'WATER', 579, '2022-10-31', 355, 'GROUP');
INSERT INTO `t_consume_statistic` VALUES (1517, 'ELECTRIC', 916, '2022-10-31', 43, 'GROUP');
INSERT INTO `t_consume_statistic` VALUES (1518, 'MEAL_EXPENSE', 547, '2022-10-31', 361, 'GROUP');
INSERT INTO `t_consume_statistic` VALUES (1519, 'OTHER', 418, '2022-10-31', 95, 'GROUP');
INSERT INTO `t_consume_statistic` VALUES (1520, NULL, 2460, '2022-10-31', 854, 'ALL');
INSERT INTO `t_consume_statistic` VALUES (1521, 'WATER', 986, '2022-11-01', 389, 'GROUP');
INSERT INTO `t_consume_statistic` VALUES (1522, 'ELECTRIC', 631, '2022-11-01', 58, 'GROUP');
INSERT INTO `t_consume_statistic` VALUES (1523, 'MEAL_EXPENSE', 543, '2022-11-01', 268, 'GROUP');
INSERT INTO `t_consume_statistic` VALUES (1524, 'OTHER', 381, '2022-11-01', 153, 'GROUP');
INSERT INTO `t_consume_statistic` VALUES (1525, NULL, 2541, '2022-11-01', 868, 'ALL');
INSERT INTO `t_consume_statistic` VALUES (1526, 'WATER', 515, '2022-11-02', 127, 'GROUP');
INSERT INTO `t_consume_statistic` VALUES (1527, 'ELECTRIC', 143, '2022-11-02', 235, 'GROUP');
INSERT INTO `t_consume_statistic` VALUES (1528, 'MEAL_EXPENSE', 475, '2022-11-02', 102, 'GROUP');
INSERT INTO `t_consume_statistic` VALUES (1529, 'OTHER', 133, '2022-11-02', 341, 'GROUP');
INSERT INTO `t_consume_statistic` VALUES (1530, NULL, 1266, '2022-11-02', 805, 'ALL');
INSERT INTO `t_consume_statistic` VALUES (1531, 'WATER', 844, '2022-11-03', 181, 'GROUP');
INSERT INTO `t_consume_statistic` VALUES (1532, 'ELECTRIC', 278, '2022-11-03', 482, 'GROUP');
INSERT INTO `t_consume_statistic` VALUES (1533, 'MEAL_EXPENSE', 260, '2022-11-03', 323, 'GROUP');
INSERT INTO `t_consume_statistic` VALUES (1534, 'OTHER', 998, '2022-11-03', 318, 'GROUP');
INSERT INTO `t_consume_statistic` VALUES (1535, NULL, 2380, '2022-11-03', 1304, 'ALL');
INSERT INTO `t_consume_statistic` VALUES (1536, 'WATER', 877, '2022-11-04', 419, 'GROUP');
INSERT INTO `t_consume_statistic` VALUES (1537, 'ELECTRIC', 85, '2022-11-04', 394, 'GROUP');
INSERT INTO `t_consume_statistic` VALUES (1538, 'MEAL_EXPENSE', 624, '2022-11-04', 216, 'GROUP');
INSERT INTO `t_consume_statistic` VALUES (1539, 'OTHER', 634, '2022-11-04', 386, 'GROUP');
INSERT INTO `t_consume_statistic` VALUES (1540, NULL, 2220, '2022-11-04', 1415, 'ALL');
INSERT INTO `t_consume_statistic` VALUES (1541, 'WATER', 898, '2022-11-05', 114, 'GROUP');
INSERT INTO `t_consume_statistic` VALUES (1542, 'ELECTRIC', 279, '2022-11-05', 328, 'GROUP');
INSERT INTO `t_consume_statistic` VALUES (1543, 'MEAL_EXPENSE', 723, '2022-11-05', 359, 'GROUP');
INSERT INTO `t_consume_statistic` VALUES (1544, 'OTHER', 819, '2022-11-05', 14, 'GROUP');
INSERT INTO `t_consume_statistic` VALUES (1545, NULL, 2719, '2022-11-05', 815, 'ALL');
INSERT INTO `t_consume_statistic` VALUES (1546, 'WATER', 437, '2022-11-06', 274, 'GROUP');
INSERT INTO `t_consume_statistic` VALUES (1547, 'ELECTRIC', 139, '2022-11-06', 4, 'GROUP');
INSERT INTO `t_consume_statistic` VALUES (1548, 'MEAL_EXPENSE', 246, '2022-11-06', 9, 'GROUP');
INSERT INTO `t_consume_statistic` VALUES (1549, 'OTHER', 771, '2022-11-06', 341, 'GROUP');
INSERT INTO `t_consume_statistic` VALUES (1550, NULL, 1593, '2022-11-06', 628, 'ALL');
INSERT INTO `t_consume_statistic` VALUES (1551, 'WATER', 202, '2022-11-07', 241, 'GROUP');
INSERT INTO `t_consume_statistic` VALUES (1552, 'ELECTRIC', 61, '2022-11-07', 418, 'GROUP');
INSERT INTO `t_consume_statistic` VALUES (1553, 'MEAL_EXPENSE', 437, '2022-11-07', 43, 'GROUP');
INSERT INTO `t_consume_statistic` VALUES (1554, 'OTHER', 391, '2022-11-07', 71, 'GROUP');
INSERT INTO `t_consume_statistic` VALUES (1555, NULL, 1091, '2022-11-07', 773, 'ALL');
INSERT INTO `t_consume_statistic` VALUES (1556, 'WATER', 743, '2022-11-08', 267, 'GROUP');
INSERT INTO `t_consume_statistic` VALUES (1557, 'ELECTRIC', 242, '2022-11-08', 130, 'GROUP');
INSERT INTO `t_consume_statistic` VALUES (1558, 'MEAL_EXPENSE', 284, '2022-11-08', 257, 'GROUP');
INSERT INTO `t_consume_statistic` VALUES (1559, 'OTHER', 950, '2022-11-08', 431, 'GROUP');
INSERT INTO `t_consume_statistic` VALUES (1560, NULL, 2219, '2022-11-08', 1085, 'ALL');
INSERT INTO `t_consume_statistic` VALUES (1561, 'WATER', 390, '2022-11-09', 75, 'GROUP');
INSERT INTO `t_consume_statistic` VALUES (1562, 'ELECTRIC', 274, '2022-11-09', 40, 'GROUP');
INSERT INTO `t_consume_statistic` VALUES (1563, 'MEAL_EXPENSE', 582, '2022-11-09', 266, 'GROUP');
INSERT INTO `t_consume_statistic` VALUES (1564, 'OTHER', 691, '2022-11-09', 169, 'GROUP');
INSERT INTO `t_consume_statistic` VALUES (1565, NULL, 1937, '2022-11-09', 550, 'ALL');
INSERT INTO `t_consume_statistic` VALUES (1566, 'WATER', 89, '2022-11-10', 293, 'GROUP');
INSERT INTO `t_consume_statistic` VALUES (1567, 'ELECTRIC', 158, '2022-11-10', 323, 'GROUP');
INSERT INTO `t_consume_statistic` VALUES (1568, 'MEAL_EXPENSE', 262, '2022-11-10', 6, 'GROUP');
INSERT INTO `t_consume_statistic` VALUES (1569, 'OTHER', 962, '2022-11-10', 39, 'GROUP');
INSERT INTO `t_consume_statistic` VALUES (1570, NULL, 1471, '2022-11-10', 661, 'ALL');
INSERT INTO `t_consume_statistic` VALUES (1571, 'WATER', 451, '2022-11-11', 484, 'GROUP');
INSERT INTO `t_consume_statistic` VALUES (1572, 'ELECTRIC', 757, '2022-11-11', 298, 'GROUP');
INSERT INTO `t_consume_statistic` VALUES (1573, 'MEAL_EXPENSE', 887, '2022-11-11', 41, 'GROUP');
INSERT INTO `t_consume_statistic` VALUES (1574, 'OTHER', 613, '2022-11-11', 396, 'GROUP');
INSERT INTO `t_consume_statistic` VALUES (1575, NULL, 2708, '2022-11-11', 1219, 'ALL');
INSERT INTO `t_consume_statistic` VALUES (1576, 'WATER', 827, '2022-11-12', 401, 'GROUP');
INSERT INTO `t_consume_statistic` VALUES (1577, 'ELECTRIC', 740, '2022-11-12', 123, 'GROUP');
INSERT INTO `t_consume_statistic` VALUES (1578, 'MEAL_EXPENSE', 699, '2022-11-12', 17, 'GROUP');
INSERT INTO `t_consume_statistic` VALUES (1579, 'OTHER', 970, '2022-11-12', 73, 'GROUP');
INSERT INTO `t_consume_statistic` VALUES (1580, NULL, 3236, '2022-11-12', 614, 'ALL');
INSERT INTO `t_consume_statistic` VALUES (1581, 'WATER', 265, '2022-11-13', 307, 'GROUP');
INSERT INTO `t_consume_statistic` VALUES (1582, 'ELECTRIC', 88, '2022-11-13', 38, 'GROUP');
INSERT INTO `t_consume_statistic` VALUES (1583, 'MEAL_EXPENSE', 603, '2022-11-13', 42, 'GROUP');
INSERT INTO `t_consume_statistic` VALUES (1584, 'OTHER', 562, '2022-11-13', 283, 'GROUP');
INSERT INTO `t_consume_statistic` VALUES (1585, NULL, 1518, '2022-11-13', 670, 'ALL');
INSERT INTO `t_consume_statistic` VALUES (1586, 'WATER', 811, '2022-11-14', 292, 'GROUP');
INSERT INTO `t_consume_statistic` VALUES (1587, 'ELECTRIC', 822, '2022-11-14', 55, 'GROUP');
INSERT INTO `t_consume_statistic` VALUES (1588, 'MEAL_EXPENSE', 205, '2022-11-14', 113, 'GROUP');
INSERT INTO `t_consume_statistic` VALUES (1589, 'OTHER', 901, '2022-11-14', 9, 'GROUP');
INSERT INTO `t_consume_statistic` VALUES (1590, NULL, 2739, '2022-11-14', 469, 'ALL');
INSERT INTO `t_consume_statistic` VALUES (1591, 'WATER', 445, '2022-11-15', 294, 'GROUP');
INSERT INTO `t_consume_statistic` VALUES (1592, 'ELECTRIC', 13, '2022-11-15', 206, 'GROUP');
INSERT INTO `t_consume_statistic` VALUES (1593, 'MEAL_EXPENSE', 55, '2022-11-15', 138, 'GROUP');
INSERT INTO `t_consume_statistic` VALUES (1594, 'OTHER', 261, '2022-11-15', 341, 'GROUP');
INSERT INTO `t_consume_statistic` VALUES (1595, NULL, 774, '2022-11-15', 979, 'ALL');
INSERT INTO `t_consume_statistic` VALUES (1596, 'WATER', 285, '2022-11-16', 270, 'GROUP');
INSERT INTO `t_consume_statistic` VALUES (1597, 'ELECTRIC', 330, '2022-11-16', 411, 'GROUP');
INSERT INTO `t_consume_statistic` VALUES (1598, 'MEAL_EXPENSE', 283, '2022-11-16', 422, 'GROUP');
INSERT INTO `t_consume_statistic` VALUES (1599, 'OTHER', 926, '2022-11-16', 3, 'GROUP');
INSERT INTO `t_consume_statistic` VALUES (1600, NULL, 1824, '2022-11-16', 1106, 'ALL');
INSERT INTO `t_consume_statistic` VALUES (1601, 'WATER', 339, '2022-11-17', 384, 'GROUP');
INSERT INTO `t_consume_statistic` VALUES (1602, 'ELECTRIC', 238, '2022-11-17', 157, 'GROUP');
INSERT INTO `t_consume_statistic` VALUES (1603, 'MEAL_EXPENSE', 367, '2022-11-17', 81, 'GROUP');
INSERT INTO `t_consume_statistic` VALUES (1604, 'OTHER', 497, '2022-11-17', 259, 'GROUP');
INSERT INTO `t_consume_statistic` VALUES (1605, NULL, 1441, '2022-11-17', 881, 'ALL');
INSERT INTO `t_consume_statistic` VALUES (1606, 'WATER', 481, '2022-11-18', 332, 'GROUP');
INSERT INTO `t_consume_statistic` VALUES (1607, 'ELECTRIC', 361, '2022-11-18', 430, 'GROUP');
INSERT INTO `t_consume_statistic` VALUES (1608, 'MEAL_EXPENSE', 376, '2022-11-18', 147, 'GROUP');
INSERT INTO `t_consume_statistic` VALUES (1609, 'OTHER', 835, '2022-11-18', 423, 'GROUP');
INSERT INTO `t_consume_statistic` VALUES (1610, NULL, 2053, '2022-11-18', 1332, 'ALL');
INSERT INTO `t_consume_statistic` VALUES (1611, 'WATER', 510, '2022-11-19', 269, 'GROUP');
INSERT INTO `t_consume_statistic` VALUES (1612, 'ELECTRIC', 943, '2022-11-19', 0, 'GROUP');
INSERT INTO `t_consume_statistic` VALUES (1613, 'MEAL_EXPENSE', 156, '2022-11-19', 408, 'GROUP');
INSERT INTO `t_consume_statistic` VALUES (1614, 'OTHER', 863, '2022-11-19', 83, 'GROUP');
INSERT INTO `t_consume_statistic` VALUES (1615, NULL, 2472, '2022-11-19', 760, 'ALL');
INSERT INTO `t_consume_statistic` VALUES (1616, 'WATER', 863, '2022-11-20', 243, 'GROUP');
INSERT INTO `t_consume_statistic` VALUES (1617, 'ELECTRIC', 111, '2022-11-20', 233, 'GROUP');
INSERT INTO `t_consume_statistic` VALUES (1618, 'MEAL_EXPENSE', 557, '2022-11-20', 431, 'GROUP');
INSERT INTO `t_consume_statistic` VALUES (1619, 'OTHER', 674, '2022-11-20', 297, 'GROUP');
INSERT INTO `t_consume_statistic` VALUES (1620, NULL, 2205, '2022-11-20', 1204, 'ALL');
INSERT INTO `t_consume_statistic` VALUES (1621, 'WATER', 179, '2022-11-21', 453, 'GROUP');
INSERT INTO `t_consume_statistic` VALUES (1622, 'ELECTRIC', 609, '2022-11-21', 26, 'GROUP');
INSERT INTO `t_consume_statistic` VALUES (1623, 'MEAL_EXPENSE', 210, '2022-11-21', 498, 'GROUP');
INSERT INTO `t_consume_statistic` VALUES (1624, 'OTHER', 758, '2022-11-21', 39, 'GROUP');
INSERT INTO `t_consume_statistic` VALUES (1625, NULL, 1756, '2022-11-21', 1016, 'ALL');
INSERT INTO `t_consume_statistic` VALUES (1626, 'WATER', 37, '2022-11-22', 322, 'GROUP');
INSERT INTO `t_consume_statistic` VALUES (1627, 'ELECTRIC', 673, '2022-11-22', 179, 'GROUP');
INSERT INTO `t_consume_statistic` VALUES (1628, 'MEAL_EXPENSE', 21, '2022-11-22', 123, 'GROUP');
INSERT INTO `t_consume_statistic` VALUES (1629, 'OTHER', 874, '2022-11-22', 454, 'GROUP');
INSERT INTO `t_consume_statistic` VALUES (1630, NULL, 1605, '2022-11-22', 1078, 'ALL');
INSERT INTO `t_consume_statistic` VALUES (1631, 'WATER', 137, '2022-11-23', 385, 'GROUP');
INSERT INTO `t_consume_statistic` VALUES (1632, 'ELECTRIC', 756, '2022-11-23', 249, 'GROUP');
INSERT INTO `t_consume_statistic` VALUES (1633, 'MEAL_EXPENSE', 951, '2022-11-23', 294, 'GROUP');
INSERT INTO `t_consume_statistic` VALUES (1634, 'OTHER', 698, '2022-11-23', 207, 'GROUP');
INSERT INTO `t_consume_statistic` VALUES (1635, NULL, 2542, '2022-11-23', 1135, 'ALL');
INSERT INTO `t_consume_statistic` VALUES (1636, 'WATER', 639, '2022-11-24', 332, 'GROUP');
INSERT INTO `t_consume_statistic` VALUES (1637, 'ELECTRIC', 750, '2022-11-24', 275, 'GROUP');
INSERT INTO `t_consume_statistic` VALUES (1638, 'MEAL_EXPENSE', 528, '2022-11-24', 166, 'GROUP');
INSERT INTO `t_consume_statistic` VALUES (1639, 'OTHER', 288, '2022-11-24', 0, 'GROUP');
INSERT INTO `t_consume_statistic` VALUES (1640, NULL, 2205, '2022-11-24', 773, 'ALL');
INSERT INTO `t_consume_statistic` VALUES (1641, 'WATER', 821, '2022-11-25', 354, 'GROUP');
INSERT INTO `t_consume_statistic` VALUES (1642, 'ELECTRIC', 891, '2022-11-25', 123, 'GROUP');
INSERT INTO `t_consume_statistic` VALUES (1643, 'MEAL_EXPENSE', 852, '2022-11-25', 232, 'GROUP');
INSERT INTO `t_consume_statistic` VALUES (1644, 'OTHER', 574, '2022-11-25', 324, 'GROUP');
INSERT INTO `t_consume_statistic` VALUES (1645, NULL, 3138, '2022-11-25', 1033, 'ALL');
INSERT INTO `t_consume_statistic` VALUES (1646, 'WATER', 547, '2022-11-26', 14, 'GROUP');
INSERT INTO `t_consume_statistic` VALUES (1647, 'ELECTRIC', 605, '2022-11-26', 95, 'GROUP');
INSERT INTO `t_consume_statistic` VALUES (1648, 'MEAL_EXPENSE', 573, '2022-11-26', 198, 'GROUP');
INSERT INTO `t_consume_statistic` VALUES (1649, 'OTHER', 428, '2022-11-26', 334, 'GROUP');
INSERT INTO `t_consume_statistic` VALUES (1650, NULL, 2153, '2022-11-26', 641, 'ALL');
INSERT INTO `t_consume_statistic` VALUES (1651, 'WATER', 252, '2022-11-27', 118, 'GROUP');
INSERT INTO `t_consume_statistic` VALUES (1652, 'ELECTRIC', 986, '2022-11-27', 94, 'GROUP');
INSERT INTO `t_consume_statistic` VALUES (1653, 'MEAL_EXPENSE', 872, '2022-11-27', 47, 'GROUP');
INSERT INTO `t_consume_statistic` VALUES (1654, 'OTHER', 410, '2022-11-27', 26, 'GROUP');
INSERT INTO `t_consume_statistic` VALUES (1655, NULL, 2520, '2022-11-27', 285, 'ALL');
INSERT INTO `t_consume_statistic` VALUES (1656, 'WATER', 999, '2022-11-28', 175, 'GROUP');
INSERT INTO `t_consume_statistic` VALUES (1657, 'ELECTRIC', 605, '2022-11-28', 397, 'GROUP');
INSERT INTO `t_consume_statistic` VALUES (1658, 'MEAL_EXPENSE', 725, '2022-11-28', 139, 'GROUP');
INSERT INTO `t_consume_statistic` VALUES (1659, 'OTHER', 985, '2022-11-28', 453, 'GROUP');
INSERT INTO `t_consume_statistic` VALUES (1660, NULL, 3314, '2022-11-28', 1164, 'ALL');
INSERT INTO `t_consume_statistic` VALUES (1661, 'WATER', 806, '2022-11-29', 487, 'GROUP');
INSERT INTO `t_consume_statistic` VALUES (1662, 'ELECTRIC', 484, '2022-11-29', 448, 'GROUP');
INSERT INTO `t_consume_statistic` VALUES (1663, 'MEAL_EXPENSE', 514, '2022-11-29', 46, 'GROUP');
INSERT INTO `t_consume_statistic` VALUES (1664, 'OTHER', 531, '2022-11-29', 101, 'GROUP');
INSERT INTO `t_consume_statistic` VALUES (1665, NULL, 2335, '2022-11-29', 1082, 'ALL');
INSERT INTO `t_consume_statistic` VALUES (1666, 'WATER', 76, '2022-11-30', 151, 'GROUP');
INSERT INTO `t_consume_statistic` VALUES (1667, 'ELECTRIC', 496, '2022-11-30', 6, 'GROUP');
INSERT INTO `t_consume_statistic` VALUES (1668, 'MEAL_EXPENSE', 772, '2022-11-30', 287, 'GROUP');
INSERT INTO `t_consume_statistic` VALUES (1669, 'OTHER', 613, '2022-11-30', 280, 'GROUP');
INSERT INTO `t_consume_statistic` VALUES (1670, NULL, 1957, '2022-11-30', 724, 'ALL');
INSERT INTO `t_consume_statistic` VALUES (1671, 'WATER', 491, '2022-12-01', 17, 'GROUP');
INSERT INTO `t_consume_statistic` VALUES (1672, 'ELECTRIC', 333, '2022-12-01', 315, 'GROUP');
INSERT INTO `t_consume_statistic` VALUES (1673, 'MEAL_EXPENSE', 516, '2022-12-01', 125, 'GROUP');
INSERT INTO `t_consume_statistic` VALUES (1674, 'OTHER', 464, '2022-12-01', 202, 'GROUP');
INSERT INTO `t_consume_statistic` VALUES (1675, NULL, 1804, '2022-12-01', 659, 'ALL');
INSERT INTO `t_consume_statistic` VALUES (1676, 'WATER', 810, '2022-12-02', 201, 'GROUP');
INSERT INTO `t_consume_statistic` VALUES (1677, 'ELECTRIC', 357, '2022-12-02', 415, 'GROUP');
INSERT INTO `t_consume_statistic` VALUES (1678, 'MEAL_EXPENSE', 585, '2022-12-02', 77, 'GROUP');
INSERT INTO `t_consume_statistic` VALUES (1679, 'OTHER', 686, '2022-12-02', 341, 'GROUP');
INSERT INTO `t_consume_statistic` VALUES (1680, NULL, 2438, '2022-12-02', 1034, 'ALL');
INSERT INTO `t_consume_statistic` VALUES (1681, 'WATER', 746, '2022-12-03', 187, 'GROUP');
INSERT INTO `t_consume_statistic` VALUES (1682, 'ELECTRIC', 773, '2022-12-03', 311, 'GROUP');
INSERT INTO `t_consume_statistic` VALUES (1683, 'MEAL_EXPENSE', 611, '2022-12-03', 91, 'GROUP');
INSERT INTO `t_consume_statistic` VALUES (1684, 'OTHER', 405, '2022-12-03', 497, 'GROUP');
INSERT INTO `t_consume_statistic` VALUES (1685, NULL, 2535, '2022-12-03', 1086, 'ALL');
INSERT INTO `t_consume_statistic` VALUES (1686, 'WATER', 19, '2022-12-04', 457, 'GROUP');
INSERT INTO `t_consume_statistic` VALUES (1687, 'ELECTRIC', 746, '2022-12-04', 27, 'GROUP');
INSERT INTO `t_consume_statistic` VALUES (1688, 'MEAL_EXPENSE', 967, '2022-12-04', 239, 'GROUP');
INSERT INTO `t_consume_statistic` VALUES (1689, 'OTHER', 517, '2022-12-04', 200, 'GROUP');
INSERT INTO `t_consume_statistic` VALUES (1690, NULL, 2249, '2022-12-04', 923, 'ALL');
INSERT INTO `t_consume_statistic` VALUES (1691, 'WATER', 151, '2022-12-05', 453, 'GROUP');
INSERT INTO `t_consume_statistic` VALUES (1692, 'ELECTRIC', 320, '2022-12-05', 194, 'GROUP');
INSERT INTO `t_consume_statistic` VALUES (1693, 'MEAL_EXPENSE', 99, '2022-12-05', 290, 'GROUP');
INSERT INTO `t_consume_statistic` VALUES (1694, 'OTHER', 645, '2022-12-05', 58, 'GROUP');
INSERT INTO `t_consume_statistic` VALUES (1695, NULL, 1215, '2022-12-05', 995, 'ALL');
INSERT INTO `t_consume_statistic` VALUES (1696, 'WATER', 463, '2022-12-06', 137, 'GROUP');
INSERT INTO `t_consume_statistic` VALUES (1697, 'ELECTRIC', 464, '2022-12-06', 238, 'GROUP');
INSERT INTO `t_consume_statistic` VALUES (1698, 'MEAL_EXPENSE', 754, '2022-12-06', 349, 'GROUP');
INSERT INTO `t_consume_statistic` VALUES (1699, 'OTHER', 766, '2022-12-06', 293, 'GROUP');
INSERT INTO `t_consume_statistic` VALUES (1700, NULL, 2447, '2022-12-06', 1017, 'ALL');
INSERT INTO `t_consume_statistic` VALUES (1701, 'WATER', 31, '2022-12-07', 466, 'GROUP');
INSERT INTO `t_consume_statistic` VALUES (1702, 'ELECTRIC', 624, '2022-12-07', 51, 'GROUP');
INSERT INTO `t_consume_statistic` VALUES (1703, 'MEAL_EXPENSE', 104, '2022-12-07', 485, 'GROUP');
INSERT INTO `t_consume_statistic` VALUES (1704, 'OTHER', 609, '2022-12-07', 108, 'GROUP');
INSERT INTO `t_consume_statistic` VALUES (1705, NULL, 1368, '2022-12-07', 1110, 'ALL');
INSERT INTO `t_consume_statistic` VALUES (1706, 'WATER', 716, '2022-12-08', 357, 'GROUP');
INSERT INTO `t_consume_statistic` VALUES (1707, 'ELECTRIC', 945, '2022-12-08', 190, 'GROUP');
INSERT INTO `t_consume_statistic` VALUES (1708, 'MEAL_EXPENSE', 337, '2022-12-08', 23, 'GROUP');
INSERT INTO `t_consume_statistic` VALUES (1709, 'OTHER', 832, '2022-12-08', 186, 'GROUP');
INSERT INTO `t_consume_statistic` VALUES (1710, NULL, 2830, '2022-12-08', 756, 'ALL');
INSERT INTO `t_consume_statistic` VALUES (1711, 'WATER', 227, '2022-12-09', 157, 'GROUP');
INSERT INTO `t_consume_statistic` VALUES (1712, 'ELECTRIC', 221, '2022-12-09', 2, 'GROUP');
INSERT INTO `t_consume_statistic` VALUES (1713, 'MEAL_EXPENSE', 999, '2022-12-09', 111, 'GROUP');
INSERT INTO `t_consume_statistic` VALUES (1714, 'OTHER', 177, '2022-12-09', 185, 'GROUP');
INSERT INTO `t_consume_statistic` VALUES (1715, NULL, 1624, '2022-12-09', 455, 'ALL');
INSERT INTO `t_consume_statistic` VALUES (1716, 'WATER', 634, '2022-12-10', 222, 'GROUP');
INSERT INTO `t_consume_statistic` VALUES (1717, 'ELECTRIC', 32, '2022-12-10', 9, 'GROUP');
INSERT INTO `t_consume_statistic` VALUES (1718, 'MEAL_EXPENSE', 44, '2022-12-10', 440, 'GROUP');
INSERT INTO `t_consume_statistic` VALUES (1719, 'OTHER', 849, '2022-12-10', 379, 'GROUP');
INSERT INTO `t_consume_statistic` VALUES (1720, NULL, 1559, '2022-12-10', 1050, 'ALL');
INSERT INTO `t_consume_statistic` VALUES (1721, 'WATER', 746, '2022-12-11', 94, 'GROUP');
INSERT INTO `t_consume_statistic` VALUES (1722, 'ELECTRIC', 830, '2022-12-11', 178, 'GROUP');
INSERT INTO `t_consume_statistic` VALUES (1723, 'MEAL_EXPENSE', 251, '2022-12-11', 66, 'GROUP');
INSERT INTO `t_consume_statistic` VALUES (1724, 'OTHER', 616, '2022-12-11', 26, 'GROUP');
INSERT INTO `t_consume_statistic` VALUES (1725, NULL, 2443, '2022-12-11', 364, 'ALL');
INSERT INTO `t_consume_statistic` VALUES (1726, 'WATER', 402, '2022-12-12', 290, 'GROUP');
INSERT INTO `t_consume_statistic` VALUES (1727, 'ELECTRIC', 920, '2022-12-12', 498, 'GROUP');
INSERT INTO `t_consume_statistic` VALUES (1728, 'MEAL_EXPENSE', 764, '2022-12-12', 243, 'GROUP');
INSERT INTO `t_consume_statistic` VALUES (1729, 'OTHER', 897, '2022-12-12', 333, 'GROUP');
INSERT INTO `t_consume_statistic` VALUES (1730, NULL, 2983, '2022-12-12', 1364, 'ALL');
INSERT INTO `t_consume_statistic` VALUES (1731, 'WATER', 850, '2022-12-13', 388, 'GROUP');
INSERT INTO `t_consume_statistic` VALUES (1732, 'ELECTRIC', 345, '2022-12-13', 169, 'GROUP');
INSERT INTO `t_consume_statistic` VALUES (1733, 'MEAL_EXPENSE', 644, '2022-12-13', 427, 'GROUP');
INSERT INTO `t_consume_statistic` VALUES (1734, 'OTHER', 260, '2022-12-13', 225, 'GROUP');
INSERT INTO `t_consume_statistic` VALUES (1735, NULL, 2099, '2022-12-13', 1209, 'ALL');
INSERT INTO `t_consume_statistic` VALUES (1736, 'WATER', 371, '2022-12-14', 21, 'GROUP');
INSERT INTO `t_consume_statistic` VALUES (1737, 'ELECTRIC', 514, '2022-12-14', 267, 'GROUP');
INSERT INTO `t_consume_statistic` VALUES (1738, 'MEAL_EXPENSE', 157, '2022-12-14', 489, 'GROUP');
INSERT INTO `t_consume_statistic` VALUES (1739, 'OTHER', 807, '2022-12-14', 216, 'GROUP');
INSERT INTO `t_consume_statistic` VALUES (1740, NULL, 1849, '2022-12-14', 993, 'ALL');
INSERT INTO `t_consume_statistic` VALUES (1741, 'WATER', 975, '2022-12-15', 149, 'GROUP');
INSERT INTO `t_consume_statistic` VALUES (1742, 'ELECTRIC', 521, '2022-12-15', 188, 'GROUP');
INSERT INTO `t_consume_statistic` VALUES (1743, 'MEAL_EXPENSE', 683, '2022-12-15', 8, 'GROUP');
INSERT INTO `t_consume_statistic` VALUES (1744, 'OTHER', 728, '2022-12-15', 135, 'GROUP');
INSERT INTO `t_consume_statistic` VALUES (1745, NULL, 2907, '2022-12-15', 480, 'ALL');
INSERT INTO `t_consume_statistic` VALUES (1746, 'WATER', 289, '2022-12-16', 166, 'GROUP');
INSERT INTO `t_consume_statistic` VALUES (1747, 'ELECTRIC', 164, '2022-12-16', 370, 'GROUP');
INSERT INTO `t_consume_statistic` VALUES (1748, 'MEAL_EXPENSE', 744, '2022-12-16', 343, 'GROUP');
INSERT INTO `t_consume_statistic` VALUES (1749, 'OTHER', 90, '2022-12-16', 342, 'GROUP');
INSERT INTO `t_consume_statistic` VALUES (1750, NULL, 1287, '2022-12-16', 1221, 'ALL');
INSERT INTO `t_consume_statistic` VALUES (1751, 'WATER', 85, '2022-12-17', 307, 'GROUP');
INSERT INTO `t_consume_statistic` VALUES (1752, 'ELECTRIC', 324, '2022-12-17', 423, 'GROUP');
INSERT INTO `t_consume_statistic` VALUES (1753, 'MEAL_EXPENSE', 999, '2022-12-17', 100, 'GROUP');
INSERT INTO `t_consume_statistic` VALUES (1754, 'OTHER', 811, '2022-12-17', 189, 'GROUP');
INSERT INTO `t_consume_statistic` VALUES (1755, NULL, 2219, '2022-12-17', 1019, 'ALL');
INSERT INTO `t_consume_statistic` VALUES (1756, 'WATER', 324, '2022-12-18', 459, 'GROUP');
INSERT INTO `t_consume_statistic` VALUES (1757, 'ELECTRIC', 718, '2022-12-18', 224, 'GROUP');
INSERT INTO `t_consume_statistic` VALUES (1758, 'MEAL_EXPENSE', 251, '2022-12-18', 208, 'GROUP');
INSERT INTO `t_consume_statistic` VALUES (1759, 'OTHER', 647, '2022-12-18', 494, 'GROUP');
INSERT INTO `t_consume_statistic` VALUES (1760, NULL, 1940, '2022-12-18', 1385, 'ALL');
INSERT INTO `t_consume_statistic` VALUES (1761, 'WATER', 213, '2022-12-19', 458, 'GROUP');
INSERT INTO `t_consume_statistic` VALUES (1762, 'ELECTRIC', 500, '2022-12-19', 39, 'GROUP');
INSERT INTO `t_consume_statistic` VALUES (1763, 'MEAL_EXPENSE', 931, '2022-12-19', 174, 'GROUP');
INSERT INTO `t_consume_statistic` VALUES (1764, 'OTHER', 843, '2022-12-19', 121, 'GROUP');
INSERT INTO `t_consume_statistic` VALUES (1765, NULL, 2487, '2022-12-19', 792, 'ALL');
INSERT INTO `t_consume_statistic` VALUES (1766, 'WATER', 160, '2022-12-20', 87, 'GROUP');
INSERT INTO `t_consume_statistic` VALUES (1767, 'ELECTRIC', 112, '2022-12-20', 487, 'GROUP');
INSERT INTO `t_consume_statistic` VALUES (1768, 'MEAL_EXPENSE', 589, '2022-12-20', 331, 'GROUP');
INSERT INTO `t_consume_statistic` VALUES (1769, 'OTHER', 364, '2022-12-20', 361, 'GROUP');
INSERT INTO `t_consume_statistic` VALUES (1770, NULL, 1225, '2022-12-20', 1266, 'ALL');
INSERT INTO `t_consume_statistic` VALUES (1771, 'WATER', 573, '2022-12-21', 4, 'GROUP');
INSERT INTO `t_consume_statistic` VALUES (1772, 'ELECTRIC', 396, '2022-12-21', 58, 'GROUP');
INSERT INTO `t_consume_statistic` VALUES (1773, 'MEAL_EXPENSE', 400, '2022-12-21', 3, 'GROUP');
INSERT INTO `t_consume_statistic` VALUES (1774, 'OTHER', 6, '2022-12-21', 297, 'GROUP');
INSERT INTO `t_consume_statistic` VALUES (1775, NULL, 1375, '2022-12-21', 362, 'ALL');
INSERT INTO `t_consume_statistic` VALUES (1776, 'WATER', 849, '2022-12-22', 193, 'GROUP');
INSERT INTO `t_consume_statistic` VALUES (1777, 'ELECTRIC', 824, '2022-12-22', 123, 'GROUP');
INSERT INTO `t_consume_statistic` VALUES (1778, 'MEAL_EXPENSE', 992, '2022-12-22', 352, 'GROUP');
INSERT INTO `t_consume_statistic` VALUES (1779, 'OTHER', 906, '2022-12-22', 119, 'GROUP');
INSERT INTO `t_consume_statistic` VALUES (1780, NULL, 3571, '2022-12-22', 787, 'ALL');
INSERT INTO `t_consume_statistic` VALUES (1781, 'WATER', 544, '2022-12-23', 230, 'GROUP');
INSERT INTO `t_consume_statistic` VALUES (1782, 'ELECTRIC', 29, '2022-12-23', 437, 'GROUP');
INSERT INTO `t_consume_statistic` VALUES (1783, 'MEAL_EXPENSE', 726, '2022-12-23', 20, 'GROUP');
INSERT INTO `t_consume_statistic` VALUES (1784, 'OTHER', 181, '2022-12-23', 146, 'GROUP');
INSERT INTO `t_consume_statistic` VALUES (1785, NULL, 1480, '2022-12-23', 833, 'ALL');
INSERT INTO `t_consume_statistic` VALUES (1786, 'WATER', 427, '2022-12-24', 332, 'GROUP');
INSERT INTO `t_consume_statistic` VALUES (1787, 'ELECTRIC', 297, '2022-12-24', 20, 'GROUP');
INSERT INTO `t_consume_statistic` VALUES (1788, 'MEAL_EXPENSE', 361, '2022-12-24', 88, 'GROUP');
INSERT INTO `t_consume_statistic` VALUES (1789, 'OTHER', 479, '2022-12-24', 350, 'GROUP');
INSERT INTO `t_consume_statistic` VALUES (1790, NULL, 1564, '2022-12-24', 790, 'ALL');
INSERT INTO `t_consume_statistic` VALUES (1791, 'WATER', 660, '2022-12-25', 216, 'GROUP');
INSERT INTO `t_consume_statistic` VALUES (1792, 'ELECTRIC', 799, '2022-12-25', 142, 'GROUP');
INSERT INTO `t_consume_statistic` VALUES (1793, 'MEAL_EXPENSE', 179, '2022-12-25', 235, 'GROUP');
INSERT INTO `t_consume_statistic` VALUES (1794, 'OTHER', 207, '2022-12-25', 278, 'GROUP');
INSERT INTO `t_consume_statistic` VALUES (1795, NULL, 1845, '2022-12-25', 871, 'ALL');
INSERT INTO `t_consume_statistic` VALUES (1796, 'WATER', 217, '2022-12-26', 382, 'GROUP');
INSERT INTO `t_consume_statistic` VALUES (1797, 'ELECTRIC', 757, '2022-12-26', 392, 'GROUP');
INSERT INTO `t_consume_statistic` VALUES (1798, 'MEAL_EXPENSE', 887, '2022-12-26', 242, 'GROUP');
INSERT INTO `t_consume_statistic` VALUES (1799, 'OTHER', 247, '2022-12-26', 182, 'GROUP');
INSERT INTO `t_consume_statistic` VALUES (1800, NULL, 2108, '2022-12-26', 1198, 'ALL');
INSERT INTO `t_consume_statistic` VALUES (1801, 'WATER', 109, '2022-12-27', 450, 'GROUP');
INSERT INTO `t_consume_statistic` VALUES (1802, 'ELECTRIC', 491, '2022-12-27', 319, 'GROUP');
INSERT INTO `t_consume_statistic` VALUES (1803, 'MEAL_EXPENSE', 974, '2022-12-27', 163, 'GROUP');
INSERT INTO `t_consume_statistic` VALUES (1804, 'OTHER', 55, '2022-12-27', 119, 'GROUP');
INSERT INTO `t_consume_statistic` VALUES (1805, NULL, 1629, '2022-12-27', 1051, 'ALL');
INSERT INTO `t_consume_statistic` VALUES (1806, 'WATER', 775, '2022-12-28', 463, 'GROUP');
INSERT INTO `t_consume_statistic` VALUES (1807, 'ELECTRIC', 250, '2022-12-28', 343, 'GROUP');
INSERT INTO `t_consume_statistic` VALUES (1808, 'MEAL_EXPENSE', 407, '2022-12-28', 312, 'GROUP');
INSERT INTO `t_consume_statistic` VALUES (1809, 'OTHER', 842, '2022-12-28', 291, 'GROUP');
INSERT INTO `t_consume_statistic` VALUES (1810, NULL, 2274, '2022-12-28', 1409, 'ALL');
INSERT INTO `t_consume_statistic` VALUES (1811, 'WATER', 301, '2022-12-29', 280, 'GROUP');
INSERT INTO `t_consume_statistic` VALUES (1812, 'ELECTRIC', 381, '2022-12-29', 347, 'GROUP');
INSERT INTO `t_consume_statistic` VALUES (1813, 'MEAL_EXPENSE', 582, '2022-12-29', 479, 'GROUP');
INSERT INTO `t_consume_statistic` VALUES (1814, 'OTHER', 425, '2022-12-29', 63, 'GROUP');
INSERT INTO `t_consume_statistic` VALUES (1815, NULL, 1689, '2022-12-29', 1169, 'ALL');
INSERT INTO `t_consume_statistic` VALUES (1816, 'WATER', 558, '2022-12-30', 23, 'GROUP');
INSERT INTO `t_consume_statistic` VALUES (1817, 'ELECTRIC', 503, '2022-12-30', 436, 'GROUP');
INSERT INTO `t_consume_statistic` VALUES (1818, 'MEAL_EXPENSE', 186, '2022-12-30', 268, 'GROUP');
INSERT INTO `t_consume_statistic` VALUES (1819, 'OTHER', 328, '2022-12-30', 243, 'GROUP');
INSERT INTO `t_consume_statistic` VALUES (1820, NULL, 1575, '2022-12-30', 970, 'ALL');
INSERT INTO `t_consume_statistic` VALUES (1821, 'WATER', 364, '2022-12-31', 281, 'GROUP');
INSERT INTO `t_consume_statistic` VALUES (1822, 'ELECTRIC', 101, '2022-12-31', 218, 'GROUP');
INSERT INTO `t_consume_statistic` VALUES (1823, 'MEAL_EXPENSE', 392, '2022-12-31', 235, 'GROUP');
INSERT INTO `t_consume_statistic` VALUES (1824, 'OTHER', 873, '2022-12-31', 456, 'GROUP');
INSERT INTO `t_consume_statistic` VALUES (1825, NULL, 1730, '2022-12-31', 1190, 'ALL');
INSERT INTO `t_consume_statistic` VALUES (1826, 'WATER', 71, '2023-01-01', 7, 'GROUP');
INSERT INTO `t_consume_statistic` VALUES (1827, 'ELECTRIC', 704, '2023-01-01', 395, 'GROUP');
INSERT INTO `t_consume_statistic` VALUES (1828, 'MEAL_EXPENSE', 54, '2023-01-01', 191, 'GROUP');
INSERT INTO `t_consume_statistic` VALUES (1829, 'OTHER', 25, '2023-01-01', 62, 'GROUP');
INSERT INTO `t_consume_statistic` VALUES (1830, NULL, 854, '2023-01-01', 655, 'ALL');
INSERT INTO `t_consume_statistic` VALUES (1831, 'WATER', 682, '2023-01-02', 154, 'GROUP');
INSERT INTO `t_consume_statistic` VALUES (1832, 'ELECTRIC', 108, '2023-01-02', 277, 'GROUP');
INSERT INTO `t_consume_statistic` VALUES (1833, 'MEAL_EXPENSE', 618, '2023-01-02', 469, 'GROUP');
INSERT INTO `t_consume_statistic` VALUES (1834, 'OTHER', 775, '2023-01-02', 228, 'GROUP');
INSERT INTO `t_consume_statistic` VALUES (1835, NULL, 2183, '2023-01-02', 1128, 'ALL');
INSERT INTO `t_consume_statistic` VALUES (1836, 'WATER', 581, '2023-01-03', 136, 'GROUP');
INSERT INTO `t_consume_statistic` VALUES (1837, 'ELECTRIC', 227, '2023-01-03', 490, 'GROUP');
INSERT INTO `t_consume_statistic` VALUES (1838, 'MEAL_EXPENSE', 290, '2023-01-03', 167, 'GROUP');
INSERT INTO `t_consume_statistic` VALUES (1839, 'OTHER', 146, '2023-01-03', 119, 'GROUP');
INSERT INTO `t_consume_statistic` VALUES (1840, NULL, 1244, '2023-01-03', 912, 'ALL');
INSERT INTO `t_consume_statistic` VALUES (1841, 'WATER', 951, '2023-01-04', 377, 'GROUP');
INSERT INTO `t_consume_statistic` VALUES (1842, 'ELECTRIC', 742, '2023-01-04', 443, 'GROUP');
INSERT INTO `t_consume_statistic` VALUES (1843, 'MEAL_EXPENSE', 472, '2023-01-04', 181, 'GROUP');
INSERT INTO `t_consume_statistic` VALUES (1844, 'OTHER', 499, '2023-01-04', 455, 'GROUP');
INSERT INTO `t_consume_statistic` VALUES (1845, NULL, 2664, '2023-01-04', 1456, 'ALL');
INSERT INTO `t_consume_statistic` VALUES (1846, 'WATER', 61, '2023-01-05', 462, 'GROUP');
INSERT INTO `t_consume_statistic` VALUES (1847, 'ELECTRIC', 716, '2023-01-05', 1, 'GROUP');
INSERT INTO `t_consume_statistic` VALUES (1848, 'MEAL_EXPENSE', 935, '2023-01-05', 83, 'GROUP');
INSERT INTO `t_consume_statistic` VALUES (1849, 'OTHER', 317, '2023-01-05', 246, 'GROUP');
INSERT INTO `t_consume_statistic` VALUES (1850, NULL, 2029, '2023-01-05', 792, 'ALL');
INSERT INTO `t_consume_statistic` VALUES (1851, 'WATER', 936, '2023-01-06', 296, 'GROUP');
INSERT INTO `t_consume_statistic` VALUES (1852, 'ELECTRIC', 254, '2023-01-06', 315, 'GROUP');
INSERT INTO `t_consume_statistic` VALUES (1853, 'MEAL_EXPENSE', 115, '2023-01-06', 347, 'GROUP');
INSERT INTO `t_consume_statistic` VALUES (1854, 'OTHER', 612, '2023-01-06', 219, 'GROUP');
INSERT INTO `t_consume_statistic` VALUES (1855, NULL, 1917, '2023-01-06', 1177, 'ALL');
INSERT INTO `t_consume_statistic` VALUES (1856, 'WATER', 148, '2023-01-07', 207, 'GROUP');
INSERT INTO `t_consume_statistic` VALUES (1857, 'ELECTRIC', 265, '2023-01-07', 277, 'GROUP');
INSERT INTO `t_consume_statistic` VALUES (1858, 'MEAL_EXPENSE', 471, '2023-01-07', 264, 'GROUP');
INSERT INTO `t_consume_statistic` VALUES (1859, 'OTHER', 439, '2023-01-07', 435, 'GROUP');
INSERT INTO `t_consume_statistic` VALUES (1860, NULL, 1323, '2023-01-07', 1183, 'ALL');
INSERT INTO `t_consume_statistic` VALUES (1861, 'WATER', 558, '2023-01-08', 65, 'GROUP');
INSERT INTO `t_consume_statistic` VALUES (1862, 'ELECTRIC', 624, '2023-01-08', 225, 'GROUP');
INSERT INTO `t_consume_statistic` VALUES (1863, 'MEAL_EXPENSE', 123, '2023-01-08', 199, 'GROUP');
INSERT INTO `t_consume_statistic` VALUES (1864, 'OTHER', 205, '2023-01-08', 247, 'GROUP');
INSERT INTO `t_consume_statistic` VALUES (1865, NULL, 1510, '2023-01-08', 736, 'ALL');
INSERT INTO `t_consume_statistic` VALUES (1866, 'WATER', 15, '2023-01-09', 448, 'GROUP');
INSERT INTO `t_consume_statistic` VALUES (1867, 'ELECTRIC', 661, '2023-01-09', 435, 'GROUP');
INSERT INTO `t_consume_statistic` VALUES (1868, 'MEAL_EXPENSE', 375, '2023-01-09', 425, 'GROUP');
INSERT INTO `t_consume_statistic` VALUES (1869, 'OTHER', 433, '2023-01-09', 259, 'GROUP');
INSERT INTO `t_consume_statistic` VALUES (1870, NULL, 1484, '2023-01-09', 1567, 'ALL');
INSERT INTO `t_consume_statistic` VALUES (1871, 'WATER', 379, '2023-01-10', 461, 'GROUP');
INSERT INTO `t_consume_statistic` VALUES (1872, 'ELECTRIC', 174, '2023-01-10', 199, 'GROUP');
INSERT INTO `t_consume_statistic` VALUES (1873, 'MEAL_EXPENSE', 937, '2023-01-10', 163, 'GROUP');
INSERT INTO `t_consume_statistic` VALUES (1874, 'OTHER', 979, '2023-01-10', 444, 'GROUP');
INSERT INTO `t_consume_statistic` VALUES (1875, NULL, 2469, '2023-01-10', 1267, 'ALL');
INSERT INTO `t_consume_statistic` VALUES (1876, 'WATER', 756, '2023-01-11', 256, 'GROUP');
INSERT INTO `t_consume_statistic` VALUES (1877, 'ELECTRIC', 158, '2023-01-11', 242, 'GROUP');
INSERT INTO `t_consume_statistic` VALUES (1878, 'MEAL_EXPENSE', 471, '2023-01-11', 265, 'GROUP');
INSERT INTO `t_consume_statistic` VALUES (1879, 'OTHER', 507, '2023-01-11', 315, 'GROUP');
INSERT INTO `t_consume_statistic` VALUES (1880, NULL, 1892, '2023-01-11', 1078, 'ALL');
INSERT INTO `t_consume_statistic` VALUES (1881, 'WATER', 260, '2023-01-12', 66, 'GROUP');
INSERT INTO `t_consume_statistic` VALUES (1882, 'ELECTRIC', 359, '2023-01-12', 177, 'GROUP');
INSERT INTO `t_consume_statistic` VALUES (1883, 'MEAL_EXPENSE', 346, '2023-01-12', 165, 'GROUP');
INSERT INTO `t_consume_statistic` VALUES (1884, 'OTHER', 367, '2023-01-12', 224, 'GROUP');
INSERT INTO `t_consume_statistic` VALUES (1885, NULL, 1332, '2023-01-12', 632, 'ALL');
INSERT INTO `t_consume_statistic` VALUES (1886, 'WATER', 523, '2023-01-13', 166, 'GROUP');
INSERT INTO `t_consume_statistic` VALUES (1887, 'ELECTRIC', 702, '2023-01-13', 402, 'GROUP');
INSERT INTO `t_consume_statistic` VALUES (1888, 'MEAL_EXPENSE', 952, '2023-01-13', 83, 'GROUP');
INSERT INTO `t_consume_statistic` VALUES (1889, 'OTHER', 350, '2023-01-13', 204, 'GROUP');
INSERT INTO `t_consume_statistic` VALUES (1890, NULL, 2527, '2023-01-13', 855, 'ALL');
INSERT INTO `t_consume_statistic` VALUES (1891, 'WATER', 538, '2023-01-14', 408, 'GROUP');
INSERT INTO `t_consume_statistic` VALUES (1892, 'ELECTRIC', 254, '2023-01-14', 418, 'GROUP');
INSERT INTO `t_consume_statistic` VALUES (1893, 'MEAL_EXPENSE', 32, '2023-01-14', 498, 'GROUP');
INSERT INTO `t_consume_statistic` VALUES (1894, 'OTHER', 889, '2023-01-14', 66, 'GROUP');
INSERT INTO `t_consume_statistic` VALUES (1895, NULL, 1713, '2023-01-14', 1390, 'ALL');
INSERT INTO `t_consume_statistic` VALUES (1896, 'WATER', 367, '2023-01-15', 379, 'GROUP');
INSERT INTO `t_consume_statistic` VALUES (1897, 'ELECTRIC', 494, '2023-01-15', 181, 'GROUP');
INSERT INTO `t_consume_statistic` VALUES (1898, 'MEAL_EXPENSE', 416, '2023-01-15', 395, 'GROUP');
INSERT INTO `t_consume_statistic` VALUES (1899, 'OTHER', 903, '2023-01-15', 95, 'GROUP');
INSERT INTO `t_consume_statistic` VALUES (1900, NULL, 2180, '2023-01-15', 1050, 'ALL');
INSERT INTO `t_consume_statistic` VALUES (1901, 'WATER', 406, '2023-01-16', 221, 'GROUP');
INSERT INTO `t_consume_statistic` VALUES (1902, 'ELECTRIC', 421, '2023-01-16', 244, 'GROUP');
INSERT INTO `t_consume_statistic` VALUES (1903, 'MEAL_EXPENSE', 414, '2023-01-16', 124, 'GROUP');
INSERT INTO `t_consume_statistic` VALUES (1904, 'OTHER', 15, '2023-01-16', 453, 'GROUP');
INSERT INTO `t_consume_statistic` VALUES (1905, NULL, 1256, '2023-01-16', 1042, 'ALL');
INSERT INTO `t_consume_statistic` VALUES (1906, 'WATER', 13, '2023-01-17', 136, 'GROUP');
INSERT INTO `t_consume_statistic` VALUES (1907, 'ELECTRIC', 638, '2023-01-17', 261, 'GROUP');
INSERT INTO `t_consume_statistic` VALUES (1908, 'MEAL_EXPENSE', 421, '2023-01-17', 416, 'GROUP');
INSERT INTO `t_consume_statistic` VALUES (1909, 'OTHER', 676, '2023-01-17', 105, 'GROUP');
INSERT INTO `t_consume_statistic` VALUES (1910, NULL, 1748, '2023-01-17', 918, 'ALL');
INSERT INTO `t_consume_statistic` VALUES (1911, 'WATER', 495, '2023-01-18', 229, 'GROUP');
INSERT INTO `t_consume_statistic` VALUES (1912, 'ELECTRIC', 205, '2023-01-18', 47, 'GROUP');
INSERT INTO `t_consume_statistic` VALUES (1913, 'MEAL_EXPENSE', 447, '2023-01-18', 372, 'GROUP');
INSERT INTO `t_consume_statistic` VALUES (1914, 'OTHER', 394, '2023-01-18', 405, 'GROUP');
INSERT INTO `t_consume_statistic` VALUES (1915, NULL, 1541, '2023-01-18', 1053, 'ALL');
INSERT INTO `t_consume_statistic` VALUES (1916, 'WATER', 449, '2023-01-19', 53, 'GROUP');
INSERT INTO `t_consume_statistic` VALUES (1917, 'ELECTRIC', 624, '2023-01-19', 13, 'GROUP');
INSERT INTO `t_consume_statistic` VALUES (1918, 'MEAL_EXPENSE', 106, '2023-01-19', 319, 'GROUP');
INSERT INTO `t_consume_statistic` VALUES (1919, 'OTHER', 377, '2023-01-19', 30, 'GROUP');
INSERT INTO `t_consume_statistic` VALUES (1920, NULL, 1556, '2023-01-19', 415, 'ALL');
INSERT INTO `t_consume_statistic` VALUES (1921, 'WATER', 450, '2023-01-20', 187, 'GROUP');
INSERT INTO `t_consume_statistic` VALUES (1922, 'ELECTRIC', 378, '2023-01-20', 132, 'GROUP');
INSERT INTO `t_consume_statistic` VALUES (1923, 'MEAL_EXPENSE', 142, '2023-01-20', 241, 'GROUP');
INSERT INTO `t_consume_statistic` VALUES (1924, 'OTHER', 770, '2023-01-20', 102, 'GROUP');
INSERT INTO `t_consume_statistic` VALUES (1925, NULL, 1740, '2023-01-20', 662, 'ALL');
INSERT INTO `t_consume_statistic` VALUES (1926, 'WATER', 810, '2023-01-21', 121, 'GROUP');
INSERT INTO `t_consume_statistic` VALUES (1927, 'ELECTRIC', 838, '2023-01-21', 231, 'GROUP');
INSERT INTO `t_consume_statistic` VALUES (1928, 'MEAL_EXPENSE', 899, '2023-01-21', 125, 'GROUP');
INSERT INTO `t_consume_statistic` VALUES (1929, 'OTHER', 359, '2023-01-21', 336, 'GROUP');
INSERT INTO `t_consume_statistic` VALUES (1930, NULL, 2906, '2023-01-21', 813, 'ALL');
INSERT INTO `t_consume_statistic` VALUES (1931, 'WATER', 384, '2023-01-22', 427, 'GROUP');
INSERT INTO `t_consume_statistic` VALUES (1932, 'ELECTRIC', 515, '2023-01-22', 299, 'GROUP');
INSERT INTO `t_consume_statistic` VALUES (1933, 'MEAL_EXPENSE', 263, '2023-01-22', 239, 'GROUP');
INSERT INTO `t_consume_statistic` VALUES (1934, 'OTHER', 489, '2023-01-22', 26, 'GROUP');
INSERT INTO `t_consume_statistic` VALUES (1935, NULL, 1651, '2023-01-22', 991, 'ALL');
INSERT INTO `t_consume_statistic` VALUES (1936, 'WATER', 566, '2023-01-23', 215, 'GROUP');
INSERT INTO `t_consume_statistic` VALUES (1937, 'ELECTRIC', 808, '2023-01-23', 282, 'GROUP');
INSERT INTO `t_consume_statistic` VALUES (1938, 'MEAL_EXPENSE', 782, '2023-01-23', 409, 'GROUP');
INSERT INTO `t_consume_statistic` VALUES (1939, 'OTHER', 423, '2023-01-23', 85, 'GROUP');
INSERT INTO `t_consume_statistic` VALUES (1940, NULL, 2579, '2023-01-23', 991, 'ALL');
INSERT INTO `t_consume_statistic` VALUES (1941, 'WATER', 289, '2023-01-24', 320, 'GROUP');
INSERT INTO `t_consume_statistic` VALUES (1942, 'ELECTRIC', 197, '2023-01-24', 459, 'GROUP');
INSERT INTO `t_consume_statistic` VALUES (1943, 'MEAL_EXPENSE', 736, '2023-01-24', 495, 'GROUP');
INSERT INTO `t_consume_statistic` VALUES (1944, 'OTHER', 648, '2023-01-24', 28, 'GROUP');
INSERT INTO `t_consume_statistic` VALUES (1945, NULL, 1870, '2023-01-24', 1302, 'ALL');
INSERT INTO `t_consume_statistic` VALUES (1946, 'WATER', 716, '2023-01-25', 418, 'GROUP');
INSERT INTO `t_consume_statistic` VALUES (1947, 'ELECTRIC', 350, '2023-01-25', 219, 'GROUP');
INSERT INTO `t_consume_statistic` VALUES (1948, 'MEAL_EXPENSE', 202, '2023-01-25', 241, 'GROUP');
INSERT INTO `t_consume_statistic` VALUES (1949, 'OTHER', 552, '2023-01-25', 43, 'GROUP');
INSERT INTO `t_consume_statistic` VALUES (1950, NULL, 1820, '2023-01-25', 921, 'ALL');
INSERT INTO `t_consume_statistic` VALUES (1951, 'WATER', 935, '2023-01-26', 101, 'GROUP');
INSERT INTO `t_consume_statistic` VALUES (1952, 'ELECTRIC', 818, '2023-01-26', 33, 'GROUP');
INSERT INTO `t_consume_statistic` VALUES (1953, 'MEAL_EXPENSE', 5, '2023-01-26', 325, 'GROUP');
INSERT INTO `t_consume_statistic` VALUES (1954, 'OTHER', 639, '2023-01-26', 281, 'GROUP');
INSERT INTO `t_consume_statistic` VALUES (1955, NULL, 2397, '2023-01-26', 740, 'ALL');
INSERT INTO `t_consume_statistic` VALUES (1956, 'WATER', 756, '2023-01-27', 38, 'GROUP');
INSERT INTO `t_consume_statistic` VALUES (1957, 'ELECTRIC', 305, '2023-01-27', 331, 'GROUP');
INSERT INTO `t_consume_statistic` VALUES (1958, 'MEAL_EXPENSE', 814, '2023-01-27', 319, 'GROUP');
INSERT INTO `t_consume_statistic` VALUES (1959, 'OTHER', 55, '2023-01-27', 11, 'GROUP');
INSERT INTO `t_consume_statistic` VALUES (1960, NULL, 1930, '2023-01-27', 699, 'ALL');
INSERT INTO `t_consume_statistic` VALUES (1961, 'WATER', 520, '2023-01-28', 28, 'GROUP');
INSERT INTO `t_consume_statistic` VALUES (1962, 'ELECTRIC', 275, '2023-01-28', 102, 'GROUP');
INSERT INTO `t_consume_statistic` VALUES (1963, 'MEAL_EXPENSE', 279, '2023-01-28', 181, 'GROUP');
INSERT INTO `t_consume_statistic` VALUES (1964, 'OTHER', 631, '2023-01-28', 295, 'GROUP');
INSERT INTO `t_consume_statistic` VALUES (1965, NULL, 1705, '2023-01-28', 606, 'ALL');
INSERT INTO `t_consume_statistic` VALUES (1966, 'WATER', 216, '2023-01-29', 291, 'GROUP');
INSERT INTO `t_consume_statistic` VALUES (1967, 'ELECTRIC', 594, '2023-01-29', 92, 'GROUP');
INSERT INTO `t_consume_statistic` VALUES (1968, 'MEAL_EXPENSE', 785, '2023-01-29', 3, 'GROUP');
INSERT INTO `t_consume_statistic` VALUES (1969, 'OTHER', 520, '2023-01-29', 476, 'GROUP');
INSERT INTO `t_consume_statistic` VALUES (1970, NULL, 2115, '2023-01-29', 862, 'ALL');
INSERT INTO `t_consume_statistic` VALUES (1971, 'WATER', 461, '2023-01-30', 270, 'GROUP');
INSERT INTO `t_consume_statistic` VALUES (1972, 'ELECTRIC', 403, '2023-01-30', 306, 'GROUP');
INSERT INTO `t_consume_statistic` VALUES (1973, 'MEAL_EXPENSE', 248, '2023-01-30', 498, 'GROUP');
INSERT INTO `t_consume_statistic` VALUES (1974, 'OTHER', 982, '2023-01-30', 469, 'GROUP');
INSERT INTO `t_consume_statistic` VALUES (1975, NULL, 2094, '2023-01-30', 1543, 'ALL');
INSERT INTO `t_consume_statistic` VALUES (1976, 'WATER', 521, '2023-01-31', 325, 'GROUP');
INSERT INTO `t_consume_statistic` VALUES (1977, 'ELECTRIC', 693, '2023-01-31', 279, 'GROUP');
INSERT INTO `t_consume_statistic` VALUES (1978, 'MEAL_EXPENSE', 221, '2023-01-31', 227, 'GROUP');
INSERT INTO `t_consume_statistic` VALUES (1979, 'OTHER', 31, '2023-01-31', 36, 'GROUP');
INSERT INTO `t_consume_statistic` VALUES (1980, NULL, 1466, '2023-01-31', 867, 'ALL');
INSERT INTO `t_consume_statistic` VALUES (1981, 'WATER', 568, '2023-02-01', 68, 'GROUP');
INSERT INTO `t_consume_statistic` VALUES (1982, 'ELECTRIC', 835, '2023-02-01', 176, 'GROUP');
INSERT INTO `t_consume_statistic` VALUES (1983, 'MEAL_EXPENSE', 298, '2023-02-01', 94, 'GROUP');
INSERT INTO `t_consume_statistic` VALUES (1984, 'OTHER', 269, '2023-02-01', 408, 'GROUP');
INSERT INTO `t_consume_statistic` VALUES (1985, NULL, 1970, '2023-02-01', 746, 'ALL');
INSERT INTO `t_consume_statistic` VALUES (1986, 'WATER', 634, '2023-02-02', 48, 'GROUP');
INSERT INTO `t_consume_statistic` VALUES (1987, 'ELECTRIC', 672, '2023-02-02', 370, 'GROUP');
INSERT INTO `t_consume_statistic` VALUES (1988, 'MEAL_EXPENSE', 592, '2023-02-02', 332, 'GROUP');
INSERT INTO `t_consume_statistic` VALUES (1989, 'OTHER', 203, '2023-02-02', 150, 'GROUP');
INSERT INTO `t_consume_statistic` VALUES (1990, NULL, 2101, '2023-02-02', 900, 'ALL');
INSERT INTO `t_consume_statistic` VALUES (1991, 'WATER', 502, '2023-02-03', 235, 'GROUP');
INSERT INTO `t_consume_statistic` VALUES (1992, 'ELECTRIC', 454, '2023-02-03', 208, 'GROUP');
INSERT INTO `t_consume_statistic` VALUES (1993, 'MEAL_EXPENSE', 995, '2023-02-03', 493, 'GROUP');
INSERT INTO `t_consume_statistic` VALUES (1994, 'OTHER', 372, '2023-02-03', 162, 'GROUP');
INSERT INTO `t_consume_statistic` VALUES (1995, NULL, 2323, '2023-02-03', 1098, 'ALL');
INSERT INTO `t_consume_statistic` VALUES (1996, 'WATER', 820, '2023-02-04', 326, 'GROUP');
INSERT INTO `t_consume_statistic` VALUES (1997, 'ELECTRIC', 363, '2023-02-04', 385, 'GROUP');
INSERT INTO `t_consume_statistic` VALUES (1998, 'MEAL_EXPENSE', 945, '2023-02-04', 405, 'GROUP');
INSERT INTO `t_consume_statistic` VALUES (1999, 'OTHER', 738, '2023-02-04', 439, 'GROUP');
INSERT INTO `t_consume_statistic` VALUES (2000, NULL, 2866, '2023-02-04', 1555, 'ALL');

-- ----------------------------
-- Table structure for t_faculty
-- ----------------------------
DROP TABLE IF EXISTS `t_faculty`;
CREATE TABLE `t_faculty`  (
  `id` int UNSIGNED NOT NULL AUTO_INCREMENT COMMENT 'PK',
  `name` varchar(255) CHARACTER SET utf8mb4 COLLATE utf8mb4_general_ci NOT NULL COMMENT '名称',
  `description` varchar(255) CHARACTER SET utf8mb4 COLLATE utf8mb4_general_ci NULL DEFAULT NULL COMMENT '描述',
  PRIMARY KEY (`id`) USING BTREE
) ENGINE = InnoDB AUTO_INCREMENT = 10 CHARACTER SET = utf8mb4 COLLATE = utf8mb4_general_ci COMMENT = '学院表' ROW_FORMAT = Dynamic;

-- ----------------------------
-- Records of t_faculty
-- ----------------------------
INSERT INTO `t_faculty` VALUES (1, '大数据与人工智能学院', '哈哈哈哈哈哈哈哈哈哈哈哈哈哈哈');
INSERT INTO `t_faculty` VALUES (2, '电子工程学院/智能制造学院', '哈哈哈哈哈哈哈哈哈哈哈哈哈哈哈');
INSERT INTO `t_faculty` VALUES (3, '城市建设学院', '哈哈哈哈哈哈哈哈哈哈哈哈哈哈哈');
INSERT INTO `t_faculty` VALUES (4, '药学院', '这是药学院哦');
INSERT INTO `t_faculty` VALUES (5, '财会与金融学院', '哈哈哈哈哈哈哈哈哈哈哈哈哈哈哈');
INSERT INTO `t_faculty` VALUES (6, '商学院', '哈哈哈哈哈哈哈哈哈哈哈哈哈哈哈');
INSERT INTO `t_faculty` VALUES (7, '艺术学院', '哈哈哈哈哈哈哈哈哈哈哈哈哈哈哈');
INSERT INTO `t_faculty` VALUES (8, '文化与传媒学院', '哈哈哈哈哈哈哈哈哈哈哈哈哈哈哈');
INSERT INTO `t_faculty` VALUES (9, '外国语学院', '这是外国语学院哦');

-- ----------------------------
-- Table structure for t_group
-- ----------------------------
DROP TABLE IF EXISTS `t_group`;
CREATE TABLE `t_group`  (
  `id` int UNSIGNED NOT NULL AUTO_INCREMENT,
  `name` varchar(255) CHARACTER SET gb2312 COLLATE gb2312_chinese_ci NULL DEFAULT NULL,
  `parent` smallint NOT NULL,
  `description` varchar(255) CHARACTER SET gb2312 COLLATE gb2312_chinese_ci NULL DEFAULT NULL,
  `type` enum('FACULTY','SPECIALTY','CLASS') CHARACTER SET gb2312 COLLATE gb2312_chinese_ci NULL DEFAULT NULL,
  `deep` tinyint NULL DEFAULT NULL,
  `grade` char(4) CHARACTER SET gb2312 COLLATE gb2312_chinese_ci NULL DEFAULT NULL,
  PRIMARY KEY (`id`) USING BTREE
) ENGINE = InnoDB AUTO_INCREMENT = 275 CHARACTER SET = gb2312 COLLATE = gb2312_chinese_ci ROW_FORMAT = Dynamic;

-- ----------------------------
-- Records of t_group
-- ----------------------------
INSERT INTO `t_group` VALUES (1, '大数据与人工智能学院', -1, '哈哈哈哈哈哈哈哈哈哈哈哈哈哈哈', 'FACULTY', NULL, NULL);
INSERT INTO `t_group` VALUES (2, '电子工程学院/智能制造学院', -1, '哈哈哈哈哈哈哈哈哈哈哈哈哈哈哈', 'FACULTY', NULL, NULL);
INSERT INTO `t_group` VALUES (3, '城市建设学院', -1, '哈哈哈哈哈哈哈哈哈哈哈哈哈哈哈', 'FACULTY', NULL, NULL);
INSERT INTO `t_group` VALUES (4, '药学院', -1, '这是药学院哦', 'FACULTY', NULL, NULL);
INSERT INTO `t_group` VALUES (5, '财会与金融学院', -1, '哈哈哈哈哈哈哈哈哈哈哈哈哈哈哈', 'FACULTY', NULL, NULL);
INSERT INTO `t_group` VALUES (6, '商学院', -1, '哈哈哈哈哈哈哈哈哈哈哈哈哈哈哈', 'FACULTY', NULL, NULL);
INSERT INTO `t_group` VALUES (7, '艺术学院', -1, '哈哈哈哈哈哈哈哈哈哈哈哈哈哈哈', 'FACULTY', NULL, NULL);
INSERT INTO `t_group` VALUES (8, '文化与传媒学院', -1, '哈哈哈哈哈哈哈哈哈哈哈哈哈哈哈', 'FACULTY', NULL, NULL);
INSERT INTO `t_group` VALUES (9, '外国语学院', -1, '这是外国语学院哦', 'FACULTY', NULL, NULL);
INSERT INTO `t_group` VALUES (19, '计算机应用技术', 1, '这是计算机应用技术哦', 'SPECIALTY', NULL, NULL);
INSERT INTO `t_group` VALUES (20, '软件工程', 1, '这是软件工程哦', 'SPECIALTY', NULL, NULL);
INSERT INTO `t_group` VALUES (21, '计算机科学与技术', 1, '这是计算机科学与技术哦', 'SPECIALTY', NULL, NULL);
INSERT INTO `t_group` VALUES (22, '网络工程', 1, '这是网络工程哦', 'SPECIALTY', NULL, NULL);
INSERT INTO `t_group` VALUES (23, '数字媒体技术', 1, '这是数字媒体技术哦', 'SPECIALTY', NULL, NULL);
INSERT INTO `t_group` VALUES (24, '数据科学与大数据技术', 1, '这是数据科学与大数据技术哦', 'SPECIALTY', NULL, NULL);
INSERT INTO `t_group` VALUES (25, '人工智能', 1, '这是人工智能哦', 'SPECIALTY', NULL, NULL);
INSERT INTO `t_group` VALUES (26, '通信工程', 2, '这是通信工程哦', 'SPECIALTY', NULL, NULL);
INSERT INTO `t_group` VALUES (27, '无人驾驶技术', 2, '这是无人驾驶技术哦', 'SPECIALTY', NULL, NULL);
INSERT INTO `t_group` VALUES (28, '电子通信工程', 2, '这是电子通信工程哦', 'SPECIALTY', NULL, NULL);
INSERT INTO `t_group` VALUES (29, '通信工程', 2, '这是通信工程哦', 'SPECIALTY', NULL, NULL);
INSERT INTO `t_group` VALUES (30, '物联网工程', 2, '这是物联网工程哦', 'SPECIALTY', NULL, NULL);
INSERT INTO `t_group` VALUES (31, '机械设计制造及其自动化', 2, '这是机械设计制造及其自动化哦', 'SPECIALTY', NULL, NULL);
INSERT INTO `t_group` VALUES (32, '自动化', 2, '这是自动化哦', 'SPECIALTY', NULL, NULL);
INSERT INTO `t_group` VALUES (33, '电气工程及其自动化', 2, '这是电气工程及其自动化哦', 'SPECIALTY', NULL, NULL);
INSERT INTO `t_group` VALUES (34, '机器人工程', 2, '这是机器人工程哦', 'SPECIALTY', NULL, NULL);
INSERT INTO `t_group` VALUES (35, '土木工程', 3, '这是土木工程哦', 'SPECIALTY', NULL, NULL);
INSERT INTO `t_group` VALUES (36, '安全工程', 3, '这是安全工程哦', 'SPECIALTY', NULL, NULL);
INSERT INTO `t_group` VALUES (37, '工程管理', 3, '这是工程管理哦', 'SPECIALTY', NULL, NULL);
INSERT INTO `t_group` VALUES (38, '建筑学', 3, '这是建筑学哦', 'SPECIALTY', NULL, NULL);
INSERT INTO `t_group` VALUES (39, '风景园林', 3, '这是风景园林哦', 'SPECIALTY', NULL, NULL);
INSERT INTO `t_group` VALUES (40, '测绘工程', 3, '这是测绘工程哦', 'SPECIALTY', NULL, NULL);
INSERT INTO `t_group` VALUES (41, '药学', 4, '这是药学哦', 'SPECIALTY', NULL, NULL);
INSERT INTO `t_group` VALUES (42, '制药工程', 4, '这是制药工程哦', 'SPECIALTY', NULL, NULL);
INSERT INTO `t_group` VALUES (43, '药物制剂', 4, '这是药物制剂哦', 'SPECIALTY', NULL, NULL);
INSERT INTO `t_group` VALUES (44, '健康服务与管理', 4, '这是健康服务与管理哦', 'SPECIALTY', NULL, NULL);
INSERT INTO `t_group` VALUES (45, '财务管理', 5, '这是财务管理哦', 'SPECIALTY', NULL, NULL);
INSERT INTO `t_group` VALUES (46, '会计学', 5, '这是会计学哦', 'SPECIALTY', NULL, NULL);
INSERT INTO `t_group` VALUES (47, '经济与金融', 5, '这是经济与金融哦', 'SPECIALTY', NULL, NULL);
INSERT INTO `t_group` VALUES (48, '审计学', 5, '这是审计学哦', 'SPECIALTY', NULL, NULL);
INSERT INTO `t_group` VALUES (49, '金融科技', 5, '这是金融科技哦', 'SPECIALTY', NULL, NULL);
INSERT INTO `t_group` VALUES (50, '国际经济与贸易', 6, '这是国际经济与贸易哦', 'SPECIALTY', NULL, NULL);
INSERT INTO `t_group` VALUES (51, '人力资源管理', 6, '这是人力资源管理哦', 'SPECIALTY', NULL, NULL);
INSERT INTO `t_group` VALUES (52, '物流管理', 6, '这是物流管理哦', 'SPECIALTY', NULL, NULL);
INSERT INTO `t_group` VALUES (53, '电子商务', 6, '这是电子商务哦', 'SPECIALTY', NULL, NULL);
INSERT INTO `t_group` VALUES (54, '大数据管理与应用', 6, '这是大数据管理与应用哦', 'SPECIALTY', NULL, NULL);
INSERT INTO `t_group` VALUES (55, '数字经济', 6, '这是数字经济哦', 'SPECIALTY', NULL, NULL);
INSERT INTO `t_group` VALUES (56, '视觉传达设计', 7, '这是视觉传达设计哦', 'SPECIALTY', NULL, NULL);
INSERT INTO `t_group` VALUES (57, '环境设计', 7, '这是环境设计哦', 'SPECIALTY', NULL, NULL);
INSERT INTO `t_group` VALUES (58, '动画', 7, '这是动画哦', 'SPECIALTY', NULL, NULL);
INSERT INTO `t_group` VALUES (59, '美术学', 7, '这是美术学哦', 'SPECIALTY', NULL, NULL);
INSERT INTO `t_group` VALUES (60, '汉语言文学', 8, '这是汉语言文学哦', 'SPECIALTY', NULL, NULL);
INSERT INTO `t_group` VALUES (61, '新闻学', 8, '这是新闻学哦', 'SPECIALTY', NULL, NULL);
INSERT INTO `t_group` VALUES (62, '广告学', 8, '这是广告学哦', 'SPECIALTY', NULL, NULL);
INSERT INTO `t_group` VALUES (63, '广播电视编导', 8, '这是广播电视编导哦', 'SPECIALTY', NULL, NULL);
INSERT INTO `t_group` VALUES (64, '表演', 8, '这是表演哦', 'SPECIALTY', NULL, NULL);
INSERT INTO `t_group` VALUES (65, '学前教育', 8, '这是学前教育哦', 'SPECIALTY', NULL, NULL);
INSERT INTO `t_group` VALUES (66, '小学教育', 8, '这是小学教育哦', 'SPECIALTY', NULL, NULL);
INSERT INTO `t_group` VALUES (67, '英语', 9, '这是英语哦', 'SPECIALTY', NULL, NULL);
INSERT INTO `t_group` VALUES (68, '商务英语', 9, '这是商务英语哦', 'SPECIALTY', NULL, NULL);
INSERT INTO `t_group` VALUES (69, '日语', 9, '这是日语哦哈哈哈嘿嘿', 'SPECIALTY', NULL, NULL);
INSERT INTO `t_group` VALUES (71, '2021计算机应用技术1班', 19, NULL, 'CLASS', NULL, '2021');
INSERT INTO `t_group` VALUES (72, '2021计算机应用技术2班', 19, NULL, 'CLASS', NULL, '2021');
INSERT INTO `t_group` VALUES (73, '2022计算机应用技术1班', 19, NULL, 'CLASS', NULL, '2022');
INSERT INTO `t_group` VALUES (74, '2022计算机应用技术2班', 19, NULL, 'CLASS', NULL, '2022');
INSERT INTO `t_group` VALUES (75, '2021软件工程1班', 20, NULL, 'CLASS', NULL, '2021');
INSERT INTO `t_group` VALUES (76, '2021软件工程2班', 20, NULL, 'CLASS', NULL, '2021');
INSERT INTO `t_group` VALUES (77, '2022软件工程1班', 20, NULL, 'CLASS', NULL, '2022');
INSERT INTO `t_group` VALUES (78, '2022软件工程2班', 20, NULL, 'CLASS', NULL, '2022');
INSERT INTO `t_group` VALUES (79, '2021计算机科学与技术1班', 21, NULL, 'CLASS', NULL, '2021');
INSERT INTO `t_group` VALUES (80, '2021计算机科学与技术2班', 21, NULL, 'CLASS', NULL, '2021');
INSERT INTO `t_group` VALUES (81, '2022计算机科学与技术1班', 21, NULL, 'CLASS', NULL, '2022');
INSERT INTO `t_group` VALUES (82, '2022计算机科学与技术2班', 21, NULL, 'CLASS', NULL, '2022');
INSERT INTO `t_group` VALUES (83, '2021网络工程1班', 22, NULL, 'CLASS', NULL, '2021');
INSERT INTO `t_group` VALUES (84, '2021网络工程2班', 22, NULL, 'CLASS', NULL, '2021');
INSERT INTO `t_group` VALUES (85, '2022网络工程1班', 22, NULL, 'CLASS', NULL, '2022');
INSERT INTO `t_group` VALUES (86, '2022网络工程2班', 22, NULL, 'CLASS', NULL, '2022');
INSERT INTO `t_group` VALUES (87, '2021数字媒体技术1班', 23, NULL, 'CLASS', NULL, '2021');
INSERT INTO `t_group` VALUES (88, '2021数字媒体技术2班', 23, NULL, 'CLASS', NULL, '2021');
INSERT INTO `t_group` VALUES (89, '2022数字媒体技术1班', 23, NULL, 'CLASS', NULL, '2022');
INSERT INTO `t_group` VALUES (90, '2022数字媒体技术2班', 23, NULL, 'CLASS', NULL, '2022');
INSERT INTO `t_group` VALUES (91, '2021数据科学与大数据技术1班', 24, NULL, 'CLASS', NULL, '2021');
INSERT INTO `t_group` VALUES (92, '2021数据科学与大数据技术2班', 24, NULL, 'CLASS', NULL, '2021');
INSERT INTO `t_group` VALUES (93, '2022数据科学与大数据技术1班', 24, NULL, 'CLASS', NULL, '2022');
INSERT INTO `t_group` VALUES (94, '2022数据科学与大数据技术2班', 24, NULL, 'CLASS', NULL, '2022');
INSERT INTO `t_group` VALUES (95, '2021人工智能1班', 25, NULL, 'CLASS', NULL, '2021');
INSERT INTO `t_group` VALUES (96, '2021人工智能2班', 25, NULL, 'CLASS', NULL, '2021');
INSERT INTO `t_group` VALUES (97, '2022人工智能1班', 25, NULL, 'CLASS', NULL, '2022');
INSERT INTO `t_group` VALUES (98, '2022人工智能2班', 25, NULL, 'CLASS', NULL, '2022');
INSERT INTO `t_group` VALUES (99, '2021通信工程1班', 26, NULL, 'CLASS', NULL, '2021');
INSERT INTO `t_group` VALUES (100, '2021通信工程2班', 26, NULL, 'CLASS', NULL, '2021');
INSERT INTO `t_group` VALUES (101, '2022通信工程1班', 26, NULL, 'CLASS', NULL, '2022');
INSERT INTO `t_group` VALUES (102, '2022通信工程2班', 26, NULL, 'CLASS', NULL, '2022');
INSERT INTO `t_group` VALUES (103, '2021无人驾驶技术1班', 27, NULL, 'CLASS', NULL, '2021');
INSERT INTO `t_group` VALUES (104, '2021无人驾驶技术2班', 27, NULL, 'CLASS', NULL, '2021');
INSERT INTO `t_group` VALUES (105, '2022无人驾驶技术1班', 27, NULL, 'CLASS', NULL, '2022');
INSERT INTO `t_group` VALUES (106, '2022无人驾驶技术2班', 27, NULL, 'CLASS', NULL, '2022');
INSERT INTO `t_group` VALUES (107, '2021电子通信工程1班', 28, NULL, 'CLASS', NULL, '2021');
INSERT INTO `t_group` VALUES (108, '2021电子通信工程2班', 28, NULL, 'CLASS', NULL, '2021');
INSERT INTO `t_group` VALUES (109, '2022电子通信工程1班', 28, NULL, 'CLASS', NULL, '2022');
INSERT INTO `t_group` VALUES (110, '2022电子通信工程2班', 28, NULL, 'CLASS', NULL, '2022');
INSERT INTO `t_group` VALUES (111, '2021通信工程1班', 29, NULL, 'CLASS', NULL, '2021');
INSERT INTO `t_group` VALUES (112, '2021通信工程2班', 29, NULL, 'CLASS', NULL, '2021');
INSERT INTO `t_group` VALUES (113, '2022通信工程1班', 29, NULL, 'CLASS', NULL, '2022');
INSERT INTO `t_group` VALUES (114, '2022通信工程2班', 29, NULL, 'CLASS', NULL, '2022');
INSERT INTO `t_group` VALUES (115, '2021物联网工程1班', 30, NULL, 'CLASS', NULL, '2021');
INSERT INTO `t_group` VALUES (116, '2021物联网工程2班', 30, NULL, 'CLASS', NULL, '2021');
INSERT INTO `t_group` VALUES (117, '2022物联网工程1班', 30, NULL, 'CLASS', NULL, '2022');
INSERT INTO `t_group` VALUES (118, '2022物联网工程2班', 30, NULL, 'CLASS', NULL, '2022');
INSERT INTO `t_group` VALUES (119, '2021机械设计制造及其自动化1班', 31, NULL, 'CLASS', NULL, '2021');
INSERT INTO `t_group` VALUES (120, '2021机械设计制造及其自动化2班', 31, NULL, 'CLASS', NULL, '2021');
INSERT INTO `t_group` VALUES (121, '2022机械设计制造及其自动化1班', 31, NULL, 'CLASS', NULL, '2022');
INSERT INTO `t_group` VALUES (122, '2022机械设计制造及其自动化2班', 31, NULL, 'CLASS', NULL, '2022');
INSERT INTO `t_group` VALUES (123, '2021自动化1班', 32, NULL, 'CLASS', NULL, '2021');
INSERT INTO `t_group` VALUES (124, '2021自动化2班', 32, NULL, 'CLASS', NULL, '2021');
INSERT INTO `t_group` VALUES (125, '2022自动化1班', 32, NULL, 'CLASS', NULL, '2022');
INSERT INTO `t_group` VALUES (126, '2022自动化2班', 32, NULL, 'CLASS', NULL, '2022');
INSERT INTO `t_group` VALUES (127, '2021电气工程及其自动化1班', 33, NULL, 'CLASS', NULL, '2021');
INSERT INTO `t_group` VALUES (128, '2021电气工程及其自动化2班', 33, NULL, 'CLASS', NULL, '2021');
INSERT INTO `t_group` VALUES (129, '2022电气工程及其自动化1班', 33, NULL, 'CLASS', NULL, '2022');
INSERT INTO `t_group` VALUES (130, '2022电气工程及其自动化2班', 33, NULL, 'CLASS', NULL, '2022');
INSERT INTO `t_group` VALUES (131, '2021机器人工程1班', 34, NULL, 'CLASS', NULL, '2021');
INSERT INTO `t_group` VALUES (132, '2021机器人工程2班', 34, NULL, 'CLASS', NULL, '2021');
INSERT INTO `t_group` VALUES (133, '2022机器人工程1班', 34, NULL, 'CLASS', NULL, '2022');
INSERT INTO `t_group` VALUES (134, '2022机器人工程2班', 34, NULL, 'CLASS', NULL, '2022');
INSERT INTO `t_group` VALUES (135, '2021土木工程1班', 35, NULL, 'CLASS', NULL, '2021');
INSERT INTO `t_group` VALUES (136, '2021土木工程2班', 35, NULL, 'CLASS', NULL, '2021');
INSERT INTO `t_group` VALUES (137, '2022土木工程1班', 35, NULL, 'CLASS', NULL, '2022');
INSERT INTO `t_group` VALUES (138, '2022土木工程2班', 35, NULL, 'CLASS', NULL, '2022');
INSERT INTO `t_group` VALUES (139, '2021安全工程1班', 36, NULL, 'CLASS', NULL, '2021');
INSERT INTO `t_group` VALUES (140, '2021安全工程2班', 36, NULL, 'CLASS', NULL, '2021');
INSERT INTO `t_group` VALUES (141, '2022安全工程1班', 36, NULL, 'CLASS', NULL, '2022');
INSERT INTO `t_group` VALUES (142, '2022安全工程2班', 36, NULL, 'CLASS', NULL, '2022');
INSERT INTO `t_group` VALUES (143, '2021工程管理1班', 37, NULL, 'CLASS', NULL, '2021');
INSERT INTO `t_group` VALUES (144, '2021工程管理2班', 37, NULL, 'CLASS', NULL, '2021');
INSERT INTO `t_group` VALUES (145, '2022工程管理1班', 37, NULL, 'CLASS', NULL, '2022');
INSERT INTO `t_group` VALUES (146, '2022工程管理2班', 37, NULL, 'CLASS', NULL, '2022');
INSERT INTO `t_group` VALUES (147, '2021建筑学1班', 38, NULL, 'CLASS', NULL, '2021');
INSERT INTO `t_group` VALUES (148, '2021建筑学2班', 38, NULL, 'CLASS', NULL, '2021');
INSERT INTO `t_group` VALUES (149, '2022建筑学1班', 38, NULL, 'CLASS', NULL, '2022');
INSERT INTO `t_group` VALUES (150, '2022建筑学2班', 38, NULL, 'CLASS', NULL, '2022');
INSERT INTO `t_group` VALUES (151, '2021风景园林1班', 39, NULL, 'CLASS', NULL, '2021');
INSERT INTO `t_group` VALUES (152, '2021风景园林2班', 39, NULL, 'CLASS', NULL, '2021');
INSERT INTO `t_group` VALUES (153, '2022风景园林1班', 39, NULL, 'CLASS', NULL, '2022');
INSERT INTO `t_group` VALUES (154, '2022风景园林2班', 39, NULL, 'CLASS', NULL, '2022');
INSERT INTO `t_group` VALUES (155, '2021测绘工程1班', 40, NULL, 'CLASS', NULL, '2021');
INSERT INTO `t_group` VALUES (156, '2021测绘工程2班', 40, NULL, 'CLASS', NULL, '2021');
INSERT INTO `t_group` VALUES (157, '2022测绘工程1班', 40, NULL, 'CLASS', NULL, '2022');
INSERT INTO `t_group` VALUES (158, '2022测绘工程2班', 40, NULL, 'CLASS', NULL, '2022');
INSERT INTO `t_group` VALUES (159, '2021药学1班', 41, NULL, 'CLASS', NULL, '2021');
INSERT INTO `t_group` VALUES (160, '2021药学2班', 41, NULL, 'CLASS', NULL, '2021');
INSERT INTO `t_group` VALUES (161, '2022药学1班', 41, NULL, 'CLASS', NULL, '2022');
INSERT INTO `t_group` VALUES (162, '2022药学2班', 41, NULL, 'CLASS', NULL, '2022');
INSERT INTO `t_group` VALUES (163, '2021制药工程1班', 42, NULL, 'CLASS', NULL, '2021');
INSERT INTO `t_group` VALUES (164, '2021制药工程2班', 42, NULL, 'CLASS', NULL, '2021');
INSERT INTO `t_group` VALUES (165, '2022制药工程1班', 42, NULL, 'CLASS', NULL, '2022');
INSERT INTO `t_group` VALUES (166, '2022制药工程2班', 42, NULL, 'CLASS', NULL, '2022');
INSERT INTO `t_group` VALUES (167, '2021药物制剂1班', 43, NULL, 'CLASS', NULL, '2021');
INSERT INTO `t_group` VALUES (168, '2021药物制剂2班', 43, NULL, 'CLASS', NULL, '2021');
INSERT INTO `t_group` VALUES (169, '2022药物制剂1班', 43, NULL, 'CLASS', NULL, '2022');
INSERT INTO `t_group` VALUES (170, '2022药物制剂2班', 43, NULL, 'CLASS', NULL, '2022');
INSERT INTO `t_group` VALUES (171, '2021健康服务与管理1班', 44, NULL, 'CLASS', NULL, '2021');
INSERT INTO `t_group` VALUES (172, '2021健康服务与管理2班', 44, NULL, 'CLASS', NULL, '2021');
INSERT INTO `t_group` VALUES (173, '2022健康服务与管理1班', 44, NULL, 'CLASS', NULL, '2022');
INSERT INTO `t_group` VALUES (174, '2022健康服务与管理2班', 44, NULL, 'CLASS', NULL, '2022');
INSERT INTO `t_group` VALUES (175, '2021财务管理1班', 45, NULL, 'CLASS', NULL, '2021');
INSERT INTO `t_group` VALUES (176, '2021财务管理2班', 45, NULL, 'CLASS', NULL, '2021');
INSERT INTO `t_group` VALUES (177, '2022财务管理1班', 45, NULL, 'CLASS', NULL, '2022');
INSERT INTO `t_group` VALUES (178, '2022财务管理2班', 45, NULL, 'CLASS', NULL, '2022');
INSERT INTO `t_group` VALUES (179, '2021会计学1班', 46, NULL, 'CLASS', NULL, '2021');
INSERT INTO `t_group` VALUES (180, '2021会计学2班', 46, NULL, 'CLASS', NULL, '2021');
INSERT INTO `t_group` VALUES (181, '2022会计学1班', 46, NULL, 'CLASS', NULL, '2022');
INSERT INTO `t_group` VALUES (182, '2022会计学2班', 46, NULL, 'CLASS', NULL, '2022');
INSERT INTO `t_group` VALUES (183, '2021经济与金融1班', 47, NULL, 'CLASS', NULL, '2021');
INSERT INTO `t_group` VALUES (184, '2021经济与金融2班', 47, NULL, 'CLASS', NULL, '2021');
INSERT INTO `t_group` VALUES (185, '2022经济与金融1班', 47, NULL, 'CLASS', NULL, '2022');
INSERT INTO `t_group` VALUES (186, '2022经济与金融2班', 47, NULL, 'CLASS', NULL, '2022');
INSERT INTO `t_group` VALUES (187, '2021审计学1班', 48, NULL, 'CLASS', NULL, '2021');
INSERT INTO `t_group` VALUES (188, '2021审计学2班', 48, NULL, 'CLASS', NULL, '2021');
INSERT INTO `t_group` VALUES (189, '2022审计学1班', 48, NULL, 'CLASS', NULL, '2022');
INSERT INTO `t_group` VALUES (190, '2022审计学2班', 48, NULL, 'CLASS', NULL, '2022');
INSERT INTO `t_group` VALUES (191, '2021金融科技1班', 49, NULL, 'CLASS', NULL, '2021');
INSERT INTO `t_group` VALUES (192, '2021金融科技2班', 49, NULL, 'CLASS', NULL, '2021');
INSERT INTO `t_group` VALUES (193, '2022金融科技1班', 49, NULL, 'CLASS', NULL, '2022');
INSERT INTO `t_group` VALUES (194, '2022金融科技2班', 49, NULL, 'CLASS', NULL, '2022');
INSERT INTO `t_group` VALUES (195, '2021国际经济与贸易1班', 50, NULL, 'CLASS', NULL, '2021');
INSERT INTO `t_group` VALUES (196, '2021国际经济与贸易2班', 50, NULL, 'CLASS', NULL, '2021');
INSERT INTO `t_group` VALUES (197, '2022国际经济与贸易1班', 50, NULL, 'CLASS', NULL, '2022');
INSERT INTO `t_group` VALUES (198, '2022国际经济与贸易2班', 50, NULL, 'CLASS', NULL, '2022');
INSERT INTO `t_group` VALUES (199, '2021人力资源管理1班', 51, NULL, 'CLASS', NULL, '2021');
INSERT INTO `t_group` VALUES (200, '2021人力资源管理2班', 51, NULL, 'CLASS', NULL, '2021');
INSERT INTO `t_group` VALUES (201, '2022人力资源管理1班', 51, NULL, 'CLASS', NULL, '2022');
INSERT INTO `t_group` VALUES (202, '2022人力资源管理2班', 51, NULL, 'CLASS', NULL, '2022');
INSERT INTO `t_group` VALUES (203, '2021物流管理1班', 52, NULL, 'CLASS', NULL, '2021');
INSERT INTO `t_group` VALUES (204, '2021物流管理2班', 52, NULL, 'CLASS', NULL, '2021');
INSERT INTO `t_group` VALUES (205, '2022物流管理1班', 52, NULL, 'CLASS', NULL, '2022');
INSERT INTO `t_group` VALUES (206, '2022物流管理2班', 52, NULL, 'CLASS', NULL, '2022');
INSERT INTO `t_group` VALUES (207, '2021电子商务1班', 53, NULL, 'CLASS', NULL, '2021');
INSERT INTO `t_group` VALUES (208, '2021电子商务2班', 53, NULL, 'CLASS', NULL, '2021');
INSERT INTO `t_group` VALUES (209, '2022电子商务1班', 53, NULL, 'CLASS', NULL, '2022');
INSERT INTO `t_group` VALUES (210, '2022电子商务2班', 53, NULL, 'CLASS', NULL, '2022');
INSERT INTO `t_group` VALUES (211, '2021大数据管理与应用1班', 54, NULL, 'CLASS', NULL, '2021');
INSERT INTO `t_group` VALUES (212, '2021大数据管理与应用2班', 54, NULL, 'CLASS', NULL, '2021');
INSERT INTO `t_group` VALUES (213, '2022大数据管理与应用1班', 54, NULL, 'CLASS', NULL, '2022');
INSERT INTO `t_group` VALUES (214, '2022大数据管理与应用2班', 54, NULL, 'CLASS', NULL, '2022');
INSERT INTO `t_group` VALUES (215, '2021数字经济1班', 55, NULL, 'CLASS', NULL, '2021');
INSERT INTO `t_group` VALUES (216, '2021数字经济2班', 55, NULL, 'CLASS', NULL, '2021');
INSERT INTO `t_group` VALUES (217, '2022数字经济1班', 55, NULL, 'CLASS', NULL, '2022');
INSERT INTO `t_group` VALUES (218, '2022数字经济2班', 55, NULL, 'CLASS', NULL, '2022');
INSERT INTO `t_group` VALUES (219, '2021视觉传达设计1班', 56, NULL, 'CLASS', NULL, '2021');
INSERT INTO `t_group` VALUES (220, '2021视觉传达设计2班', 56, NULL, 'CLASS', NULL, '2021');
INSERT INTO `t_group` VALUES (221, '2022视觉传达设计1班', 56, NULL, 'CLASS', NULL, '2022');
INSERT INTO `t_group` VALUES (222, '2022视觉传达设计2班', 56, NULL, 'CLASS', NULL, '2022');
INSERT INTO `t_group` VALUES (223, '2021环境设计1班', 57, NULL, 'CLASS', NULL, '2021');
INSERT INTO `t_group` VALUES (224, '2021环境设计2班', 57, NULL, 'CLASS', NULL, '2021');
INSERT INTO `t_group` VALUES (225, '2022环境设计1班', 57, NULL, 'CLASS', NULL, '2022');
INSERT INTO `t_group` VALUES (226, '2022环境设计2班', 57, NULL, 'CLASS', NULL, '2022');
INSERT INTO `t_group` VALUES (227, '2021动画1班', 58, NULL, 'CLASS', NULL, '2021');
INSERT INTO `t_group` VALUES (228, '2021动画2班', 58, NULL, 'CLASS', NULL, '2021');
INSERT INTO `t_group` VALUES (229, '2022动画1班', 58, NULL, 'CLASS', NULL, '2022');
INSERT INTO `t_group` VALUES (230, '2022动画2班', 58, NULL, 'CLASS', NULL, '2022');
INSERT INTO `t_group` VALUES (231, '2021美术学1班', 59, NULL, 'CLASS', NULL, '2021');
INSERT INTO `t_group` VALUES (232, '2021美术学2班', 59, NULL, 'CLASS', NULL, '2021');
INSERT INTO `t_group` VALUES (233, '2022美术学1班', 59, NULL, 'CLASS', NULL, '2022');
INSERT INTO `t_group` VALUES (234, '2022美术学2班', 59, NULL, 'CLASS', NULL, '2022');
INSERT INTO `t_group` VALUES (235, '2021汉语言文学1班', 60, NULL, 'CLASS', NULL, '2021');
INSERT INTO `t_group` VALUES (236, '2021汉语言文学2班', 60, NULL, 'CLASS', NULL, '2021');
INSERT INTO `t_group` VALUES (237, '2022汉语言文学1班', 60, NULL, 'CLASS', NULL, '2022');
INSERT INTO `t_group` VALUES (238, '2022汉语言文学2班', 60, NULL, 'CLASS', NULL, '2022');
INSERT INTO `t_group` VALUES (239, '2021新闻学1班', 61, NULL, 'CLASS', NULL, '2021');
INSERT INTO `t_group` VALUES (240, '2021新闻学2班', 61, NULL, 'CLASS', NULL, '2021');
INSERT INTO `t_group` VALUES (241, '2022新闻学1班', 61, NULL, 'CLASS', NULL, '2022');
INSERT INTO `t_group` VALUES (242, '2022新闻学2班', 61, NULL, 'CLASS', NULL, '2022');
INSERT INTO `t_group` VALUES (243, '2021广告学1班', 62, NULL, 'CLASS', NULL, '2021');
INSERT INTO `t_group` VALUES (244, '2021广告学2班', 62, NULL, 'CLASS', NULL, '2021');
INSERT INTO `t_group` VALUES (245, '2022广告学1班', 62, NULL, 'CLASS', NULL, '2022');
INSERT INTO `t_group` VALUES (246, '2022广告学2班', 62, NULL, 'CLASS', NULL, '2022');
INSERT INTO `t_group` VALUES (247, '2021广播电视编导1班', 63, NULL, 'CLASS', NULL, '2021');
INSERT INTO `t_group` VALUES (248, '2021广播电视编导2班', 63, NULL, 'CLASS', NULL, '2021');
INSERT INTO `t_group` VALUES (249, '2022广播电视编导1班', 63, NULL, 'CLASS', NULL, '2022');
INSERT INTO `t_group` VALUES (250, '2022广播电视编导2班', 63, NULL, 'CLASS', NULL, '2022');
INSERT INTO `t_group` VALUES (251, '2021表演1班', 64, NULL, 'CLASS', NULL, '2021');
INSERT INTO `t_group` VALUES (252, '2021表演2班', 64, NULL, 'CLASS', NULL, '2021');
INSERT INTO `t_group` VALUES (253, '2022表演1班', 64, NULL, 'CLASS', NULL, '2022');
INSERT INTO `t_group` VALUES (254, '2022表演2班', 64, NULL, 'CLASS', NULL, '2022');
INSERT INTO `t_group` VALUES (255, '2021学前教育1班', 65, NULL, 'CLASS', NULL, '2021');
INSERT INTO `t_group` VALUES (256, '2021学前教育2班', 65, NULL, 'CLASS', NULL, '2021');
INSERT INTO `t_group` VALUES (257, '2022学前教育1班', 65, NULL, 'CLASS', NULL, '2022');
INSERT INTO `t_group` VALUES (258, '2022学前教育2班', 65, NULL, 'CLASS', NULL, '2022');
INSERT INTO `t_group` VALUES (259, '2021小学教育1班', 66, NULL, 'CLASS', NULL, '2021');
INSERT INTO `t_group` VALUES (260, '2021小学教育2班', 66, NULL, 'CLASS', NULL, '2021');
INSERT INTO `t_group` VALUES (261, '2022小学教育1班', 66, NULL, 'CLASS', NULL, '2022');
INSERT INTO `t_group` VALUES (262, '2022小学教育2班', 66, NULL, 'CLASS', NULL, '2022');
INSERT INTO `t_group` VALUES (263, '2021英语1班', 67, NULL, 'CLASS', NULL, '2021');
INSERT INTO `t_group` VALUES (264, '2021英语2班', 67, NULL, 'CLASS', NULL, '2021');
INSERT INTO `t_group` VALUES (265, '2022英语1班', 67, NULL, 'CLASS', NULL, '2022');
INSERT INTO `t_group` VALUES (266, '2022英语2班', 67, NULL, 'CLASS', NULL, '2022');
INSERT INTO `t_group` VALUES (267, '2021商务英语1班', 68, NULL, 'CLASS', NULL, '2021');
INSERT INTO `t_group` VALUES (268, '2021商务英语2班', 68, NULL, 'CLASS', NULL, '2021');
INSERT INTO `t_group` VALUES (269, '2022商务英语1班', 68, NULL, 'CLASS', NULL, '2022');
INSERT INTO `t_group` VALUES (270, '2022商务英语2班', 68, NULL, 'CLASS', NULL, '2022');
INSERT INTO `t_group` VALUES (271, '2021日语1班', 69, NULL, 'CLASS', NULL, '2021');
INSERT INTO `t_group` VALUES (272, '2021日语2班', 69, NULL, 'CLASS', NULL, '2021');
INSERT INTO `t_group` VALUES (273, '2022日语1班', 69, NULL, 'CLASS', NULL, '2022');
INSERT INTO `t_group` VALUES (274, '2022日语2班', 69, NULL, 'CLASS', NULL, '2022');

-- ----------------------------
-- Table structure for t_message
-- ----------------------------
DROP TABLE IF EXISTS `t_message`;
CREATE TABLE `t_message`  (
  `id` int UNSIGNED NOT NULL AUTO_INCREMENT COMMENT 'PK',
  `content` varchar(255) CHARACTER SET utf8mb4 COLLATE utf8mb4_general_ci NOT NULL COMMENT '内容',
  `author` int UNSIGNED NOT NULL COMMENT '发布者',
  `createTime` datetime NOT NULL COMMENT '日期时间',
  PRIMARY KEY (`id`) USING BTREE
) ENGINE = InnoDB AUTO_INCREMENT = 48 CHARACTER SET = utf8mb4 COLLATE = utf8mb4_general_ci COMMENT = '留言表' ROW_FORMAT = Dynamic;

-- ----------------------------
-- Records of t_message
-- ----------------------------
INSERT INTO `t_message` VALUES (1, '1', 1932101111, '2020-12-17 13:17:16');
INSERT INTO `t_message` VALUES (3, '有道智慧教育平台是基于区域教育教学流程，利用人工智能、大数据等技术，打通课前、课中、课后的教学闭环场景，通过对学校日常教学过程中的学业数据进行全方位采集，构建基于大数据驱动下的教育数据平台。用数据智能促进管理部门的精准教学与科学决策，助力学校进行分层教研、精准教学，为老师和学生减负增效。', 1932101122, '2020-12-17 13:17:16');
INSERT INTO `t_message` VALUES (4, '111111', 1932101141, '2020-12-17 13:17:16');
INSERT INTO `t_message` VALUES (6, '111111', 1932101143, '2020-12-17 13:17:16');
INSERT INTO `t_message` VALUES (7, '111111', 1932101144, '2020-12-17 13:17:16');
INSERT INTO `t_message` VALUES (8, '111111', 1932101147, '2020-12-17 13:17:16');
INSERT INTO `t_message` VALUES (9, '111111', 1932101149, '2020-12-17 13:17:16');
INSERT INTO `t_message` VALUES (10, '111111', 1932101111, '2020-12-17 13:17:16');
INSERT INTO `t_message` VALUES (11, '111111', 1932101122, '2020-12-17 13:17:16');
INSERT INTO `t_message` VALUES (13, '111111', 1932101141, '2020-12-17 13:17:16');
INSERT INTO `t_message` VALUES (14, '111111', 1932101143, '2020-12-17 13:17:16');
INSERT INTO `t_message` VALUES (15, '111111', 1932101144, '2020-12-17 13:17:16');
INSERT INTO `t_message` VALUES (16, '111111', 1932101147, '2020-12-17 13:17:16');
INSERT INTO `t_message` VALUES (17, '111111', 1932101149, '2020-12-17 13:17:16');
INSERT INTO `t_message` VALUES (18, '111111', 1932101111, '2020-12-17 13:17:16');
INSERT INTO `t_message` VALUES (19, '111111', 1932101122, '2020-12-17 13:17:16');
INSERT INTO `t_message` VALUES (20, '111111', 1932101141, '2020-12-17 13:17:16');
INSERT INTO `t_message` VALUES (21, '111111', 1932101143, '2020-12-17 13:17:16');
INSERT INTO `t_message` VALUES (22, '111111', 1932101144, '2020-12-17 13:17:16');
INSERT INTO `t_message` VALUES (23, '111111', 1932101147, '2020-12-17 13:17:16');
INSERT INTO `t_message` VALUES (24, '111111', 1932101149, '2020-12-17 13:17:16');
INSERT INTO `t_message` VALUES (25, '111111', 1932101149, '2020-12-17 13:17:16');
INSERT INTO `t_message` VALUES (27, '111111', 1932101149, '2020-12-17 13:17:16');
INSERT INTO `t_message` VALUES (36, '111111', 1932101149, '2020-12-17 13:17:16');
INSERT INTO `t_message` VALUES (37, '111111', 1932101149, '2020-12-17 13:17:16');
INSERT INTO `t_message` VALUES (38, '111111', 1932101149, '2020-12-17 13:17:16');
INSERT INTO `t_message` VALUES (39, '哈哈哈哈哈', 1932101149, '2023-01-08 19:08:31');
INSERT INTO `t_message` VALUES (40, '轻轻巧巧', 1932101149, '2023-01-08 20:27:11');
INSERT INTO `t_message` VALUES (41, '哈哈哈哈哈', 1932101149, '2023-01-08 20:28:31');
INSERT INTO `t_message` VALUES (42, '哈哈哈哈哈', 1932101149, '2023-01-08 20:29:13');
INSERT INTO `t_message` VALUES (43, '哈哈哈哈', 1932101149, '2023-01-08 20:30:08');
INSERT INTO `t_message` VALUES (44, '哈哈哈哈哈', 1932101149, '2023-01-08 20:32:38');
INSERT INTO `t_message` VALUES (45, '你不宝贝宝贝', 1932101149, '2023-01-08 20:36:10');
INSERT INTO `t_message` VALUES (46, 'hhhhhh', 1, '2023-01-29 16:12:54');
INSERT INTO `t_message` VALUES (47, '<b>OK</b>', 1, '2023-01-29 17:28:31');

-- ----------------------------
-- Table structure for t_notice
-- ----------------------------
DROP TABLE IF EXISTS `t_notice`;
CREATE TABLE `t_notice`  (
  `id` int UNSIGNED NOT NULL AUTO_INCREMENT COMMENT 'PK',
  `title` varchar(255) CHARACTER SET utf8mb4 COLLATE utf8mb4_general_ci NOT NULL COMMENT '标题',
  `content` varchar(255) CHARACTER SET utf8mb4 COLLATE utf8mb4_general_ci NOT NULL COMMENT '内容',
  `author` int UNSIGNED NOT NULL COMMENT '发布者',
  `createTime` datetime NOT NULL COMMENT '日期时间',
  PRIMARY KEY (`id`) USING BTREE
) ENGINE = InnoDB AUTO_INCREMENT = 12 CHARACTER SET = utf8mb4 COLLATE = utf8mb4_general_ci COMMENT = '公告表' ROW_FORMAT = Dynamic;

-- ----------------------------
-- Records of t_notice
-- ----------------------------
INSERT INTO `t_notice` VALUES (1, '系统测试公告1', '3种提取方法：1、使用SUBSTRING()函数，可从字符串头部开始截取指定长度的子字符串，语法“UBSTRING(字符串,1,子串长度)”。2、使用left()函数，可从字符串开头截取指定长度的子字符串并返回，语法“LEFT(字符串,子串长度)”。3、使用substr()函数，可从字符串开头截取指定长度的子串并返回，语法“SUBSTR(字符串,1,子串长度)”\n\n', 1, '2022-12-07 23:33:01');
INSERT INTO `t_notice` VALUES (2, '系统测试公告2', '3种提取方法：1、使用SUBSTRING()函数，可从字符串头部开始截取指定长度的子字符串，语法“UBSTRING(字符串,1,子串长度)”。2、使用left()函数，可从字符串开头截取指定长度的子字符串并返回，语法“LEFT(字符串,子串长度)”。3、使用substr()函数，可从字符串开头截取指定长度的子串并返回，语法“SUBSTR(字符串,1,子串长度)”\n\n', 1, '2022-12-08 00:12:52');
INSERT INTO `t_notice` VALUES (3, '系统测试公告3', '3种提取方法：1、使用SUBSTRING()函数，可从字符串头部开始截取指定长度的子字符串，语法“UBSTRING(字符串,1,子串长度)”。2、使用left()函数，可从字符串开头截取指定长度的子字符串并返回，语法“LEFT(字符串,子串长度)”。3、使用substr()函数，可从字符串开头截取指定长度的子串并返回，语法“SUBSTR(字符串,1,子串长度)”\n\n', 1, '2022-12-07 23:33:01');
INSERT INTO `t_notice` VALUES (4, '系统测试公告4', '3种提取方法：1、使用SUBSTRING()函数，可从字符串头部开始截取指定长度的子字符串，语法“UBSTRING(字符串,1,子串长度)”。2、使用left()函数，可从字符串开头截取指定长度的子字符串并返回，语法“LEFT(字符串,子串长度)”。3、使用substr()函数，可从字符串开头截取指定长度的子串并返回，语法“SUBSTR(字符串,1,子串长度)”\n\n', 1, '2022-12-08 00:12:52');
INSERT INTO `t_notice` VALUES (7, '系统测试公告7', '3种提取方法：1、使用SUBSTRING()函数，可从字符串头部开始截取指定长度的子字符串，语法“UBSTRING(字符串,1,子串长度)”。2、使用left()函数，可从字符串开头截取指定长度的子字符串并返回，语法“LEFT(字符串,子串长度)”。3、使用substr()函数，可从字符串开头截取指定长度的子串并返回，语法“SUBSTR(字符串,1,子串长度)”\n\n', 1, '2022-12-07 23:33:01');
INSERT INTO `t_notice` VALUES (8, '系统测试公告8', '3种提取方法：1、使用SUBSTRING()函数，可从字符串头部开始截取指定长度的子字符串，语法“UBSTRING(字符串,1,子串长度)”。2、使用left()函数，可从字符串开头截取指定长度的子字符串并返回，语法“LEFT(字符串,子串长度)”。3、使用substr()函数，可从字符串开头截取指定长度的子串并返回，语法“SUBSTR(字符串,1,子串长度)”\n\n', 1, '2022-12-08 00:12:52');
INSERT INTO `t_notice` VALUES (9, '测试公告9', '测试哈哈哈哈哈', 1, '2022-12-08 00:49:57');
INSERT INTO `t_notice` VALUES (10, '111', '111', 1, '2023-01-26 12:27:14');
INSERT INTO `t_notice` VALUES (11, '哈哈哈哈', '哈哈哈哈', 1932101149, '2023-01-28 19:28:36');

-- ----------------------------
-- Table structure for t_payment
-- ----------------------------
DROP TABLE IF EXISTS `t_payment`;
CREATE TABLE `t_payment`  (
  `id` bigint UNSIGNED NOT NULL COMMENT 'PK:雪花算法生成ID',
  `title` varchar(255) CHARACTER SET utf8mb4 COLLATE utf8mb4_general_ci NOT NULL COMMENT '标题',
  `type` enum('DORMITORY_FEE','OTHER') CHARACTER SET utf8mb4 COLLATE utf8mb4_general_ci NOT NULL COMMENT '缴费类型 \r\nDORMITORY_FEE 住宿费,\r\nOTHER 其他',
  `price` int UNSIGNED NOT NULL COMMENT '金额,分为单位',
  `description` varchar(255) CHARACTER SET utf8mb4 COLLATE utf8mb4_general_ci NULL DEFAULT NULL COMMENT '描述',
  `author` int UNSIGNED NOT NULL COMMENT '发布者管理员ID',
  `createTime` datetime NULL DEFAULT NULL COMMENT '缴费时间',
  `startTime` datetime NOT NULL COMMENT '开始缴费时间',
  `endTime` datetime NOT NULL COMMENT '结束缴费时间',
  `state` enum('NOT_START','IN_PROGRESS','END','CANCEL','PAUSE') CHARACTER SET utf8mb4 COLLATE utf8mb4_general_ci NOT NULL COMMENT '缴费项目状态\r\n未开始 NOT_START \r\n进行中 IN_PROGRESS \r\n已结束 END \r\n已取消 CANCEL \r\n已暂停 PAUSE',
  PRIMARY KEY (`id`) USING BTREE
) ENGINE = InnoDB CHARACTER SET = utf8mb4 COLLATE = utf8mb4_general_ci COMMENT = '缴费信息发布表' ROW_FORMAT = Dynamic;

-- ----------------------------
-- Records of t_payment
-- ----------------------------
INSERT INTO `t_payment` VALUES (8970391972352000, '2023年度住宿费', 'DORMITORY_FEE', 200000, '2023年度住宿费', 1, '2023-01-25 18:05:08', '2023-01-01 00:00:00', '2023-03-10 00:00:00', 'IN_PROGRESS');
INSERT INTO `t_payment` VALUES (10086138261934080, '测试', 'DORMITORY_FEE', 2200, '测试', 1, '2023-01-28 19:58:42', '2023-01-28 00:00:00', '2023-02-28 00:00:00', 'END');

-- ----------------------------
-- Table structure for t_pos
-- ----------------------------
DROP TABLE IF EXISTS `t_pos`;
CREATE TABLE `t_pos`  (
  `id` int UNSIGNED NOT NULL AUTO_INCREMENT COMMENT 'PK',
  `name` varchar(255) CHARACTER SET utf8mb4 COLLATE utf8mb4_general_ci NOT NULL COMMENT '刷卡机名',
  `password` varchar(255) CHARACTER SET utf8mb4 COLLATE utf8mb4_general_ci NOT NULL COMMENT '密码',
  `address` varchar(255) CHARACTER SET utf8mb4 COLLATE utf8mb4_general_ci NULL DEFAULT NULL COMMENT '所在地址',
  `type` enum('WATER','ELECTRIC','MEAL_EXPENSE','ACCOMMODATION_FEE','RECHARGE','OTHER') CHARACTER SET utf8mb4 COLLATE utf8mb4_general_ci NOT NULL COMMENT '消费类型\n\r\n水费 WATER,\r\n电费 ELECTRIC,\r\n餐费 MEAL_EXPENSE,\r\n住宿费 ACCOMMODATION_FEE,\r\n充值 RECHARGE,\r\n其他 OTHER',
  `store` int UNSIGNED NOT NULL COMMENT '商户ID',
  PRIMARY KEY (`id`) USING BTREE,
  INDEX `pos_REF_store`(`store` ASC) USING BTREE,
  CONSTRAINT `pos_REF_store` FOREIGN KEY (`store`) REFERENCES `t_store` (`id`) ON DELETE RESTRICT ON UPDATE RESTRICT
) ENGINE = InnoDB AUTO_INCREMENT = 17 CHARACTER SET = utf8mb4 COLLATE = utf8mb4_general_ci COMMENT = '刷卡机表' ROW_FORMAT = Dynamic;

-- ----------------------------
-- Records of t_pos
-- ----------------------------
INSERT INTO `t_pos` VALUES (1, '手撕鸡01', '1', '妈妈的味道', 'WATER', 1);
INSERT INTO `t_pos` VALUES (2, '螺蛳粉', '1', '翰林二楼', 'WATER', 1);
INSERT INTO `t_pos` VALUES (3, '食惠客', '1', '小万达', 'WATER', 1);
INSERT INTO `t_pos` VALUES (4, '惠香源', '1', '小万达', 'WATER', 1);
INSERT INTO `t_pos` VALUES (5, '充值机01', '1', '翰林一楼', 'RECHARGE', 1);
INSERT INTO `t_pos` VALUES (6, '充值机02', '1', '小万达二楼', 'RECHARGE', 1);
INSERT INTO `t_pos` VALUES (16, '1', '888888', '12', 'MEAL_EXPENSE', 4);

-- ----------------------------
-- Table structure for t_record
-- ----------------------------
DROP TABLE IF EXISTS `t_record`;
CREATE TABLE `t_record`  (
  `id` int UNSIGNED NOT NULL AUTO_INCREMENT COMMENT 'PK',
  `payment` bigint UNSIGNED NOT NULL COMMENT 'UK:缴费项目ID',
  `user` int UNSIGNED NOT NULL COMMENT 'UK:缴费用户ID',
  `state` enum('PAID','UNPAID','REFUNDED') CHARACTER SET utf8mb4 COLLATE utf8mb4_general_ci NOT NULL DEFAULT 'UNPAID' COMMENT '已支付 PAID,\r\n未支付 UNPAID,\r\n已退款 REFUNDED',
  `createTime` datetime NULL DEFAULT NULL COMMENT '支付时间',
  PRIMARY KEY (`id`) USING BTREE,
  UNIQUE INDEX `UK_payment_user`(`payment` ASC, `user` ASC) USING BTREE
) ENGINE = InnoDB AUTO_INCREMENT = 28 CHARACTER SET = utf8mb4 COLLATE = utf8mb4_general_ci COMMENT = '缴费表' ROW_FORMAT = Dynamic;

-- ----------------------------
-- Records of t_record
-- ----------------------------
INSERT INTO `t_record` VALUES (1, 8970391972352000, 1, 'UNPAID', NULL);
INSERT INTO `t_record` VALUES (2, 8970391972352000, 1432101149, 'PAID', '2023-03-17 22:38:01');
INSERT INTO `t_record` VALUES (3, 8970391972352000, 1632101188, 'UNPAID', NULL);
INSERT INTO `t_record` VALUES (4, 8970391972352000, 1932101111, 'UNPAID', NULL);
INSERT INTO `t_record` VALUES (5, 8970391972352000, 1932101122, 'UNPAID', NULL);
INSERT INTO `t_record` VALUES (6, 8970391972352000, 1932101133, 'UNPAID', NULL);
INSERT INTO `t_record` VALUES (7, 8970391972352000, 1932101141, 'UNPAID', NULL);
INSERT INTO `t_record` VALUES (8, 8970391972352000, 1932101143, 'UNPAID', NULL);
INSERT INTO `t_record` VALUES (9, 8970391972352000, 1932101144, 'UNPAID', NULL);
INSERT INTO `t_record` VALUES (10, 8970391972352000, 1932101149, 'UNPAID', NULL);
INSERT INTO `t_record` VALUES (11, 8970391972352000, 1932121149, 'UNPAID', NULL);
INSERT INTO `t_record` VALUES (12, 10086138261934080, 1, 'UNPAID', NULL);
INSERT INTO `t_record` VALUES (13, 10086138261934080, 1432101149, 'PAID', '2023-03-17 22:37:57');
INSERT INTO `t_record` VALUES (14, 10086138261934080, 1632101188, 'UNPAID', NULL);
INSERT INTO `t_record` VALUES (15, 10086138261934080, 1932101111, 'UNPAID', NULL);
INSERT INTO `t_record` VALUES (16, 10086138261934080, 1932101122, 'UNPAID', NULL);
INSERT INTO `t_record` VALUES (17, 10086138261934080, 1932101133, 'UNPAID', NULL);
INSERT INTO `t_record` VALUES (18, 10086138261934080, 1932101141, 'UNPAID', NULL);
INSERT INTO `t_record` VALUES (19, 10086138261934080, 1932101143, 'UNPAID', NULL);
INSERT INTO `t_record` VALUES (20, 10086138261934080, 1932101144, 'UNPAID', NULL);
INSERT INTO `t_record` VALUES (21, 10086138261934080, 1932101149, 'PAID', '2023-03-17 23:05:27');
INSERT INTO `t_record` VALUES (22, 10086138261934080, 1932121149, 'UNPAID', NULL);
INSERT INTO `t_record` VALUES (23, 10086138261934080, 1932171149, 'UNPAID', NULL);
INSERT INTO `t_record` VALUES (24, 10086138261934080, 1932401149, 'UNPAID', NULL);
INSERT INTO `t_record` VALUES (25, 10086138261934080, 1936101149, 'UNPAID', NULL);
INSERT INTO `t_record` VALUES (26, 10086138261934080, 1952101149, 'UNPAID', NULL);
INSERT INTO `t_record` VALUES (27, 10086138261934080, 1982101149, 'UNPAID', NULL);

-- ----------------------------
-- Table structure for t_specialty
-- ----------------------------
DROP TABLE IF EXISTS `t_specialty`;
CREATE TABLE `t_specialty`  (
  `id` int UNSIGNED NOT NULL AUTO_INCREMENT COMMENT 'PK',
  `name` varchar(255) CHARACTER SET utf8mb4 COLLATE utf8mb4_general_ci NOT NULL COMMENT '名称',
  `description` varchar(255) CHARACTER SET utf8mb4 COLLATE utf8mb4_general_ci NULL DEFAULT NULL COMMENT '描述',
  `faculty` int UNSIGNED NULL DEFAULT NULL COMMENT 'FK:学院ID',
  PRIMARY KEY (`id`) USING BTREE,
  INDEX `specialty_REF_faculty`(`faculty` ASC) USING BTREE,
  CONSTRAINT `specialty_REF_faculty` FOREIGN KEY (`faculty`) REFERENCES `t_faculty` (`id`) ON DELETE RESTRICT ON UPDATE RESTRICT
) ENGINE = InnoDB AUTO_INCREMENT = 53 CHARACTER SET = utf8mb4 COLLATE = utf8mb4_general_ci COMMENT = '专业表' ROW_FORMAT = Dynamic;

-- ----------------------------
-- Records of t_specialty
-- ----------------------------
INSERT INTO `t_specialty` VALUES (1, '计算机应用技术', '这是计算机应用技术哦', 1);
INSERT INTO `t_specialty` VALUES (2, '通信工程', '这是通信工程哦', 2);
INSERT INTO `t_specialty` VALUES (3, '软件工程', '这是软件工程哦', 1);
INSERT INTO `t_specialty` VALUES (4, '无人驾驶技术', '这是无人驾驶技术哦', 2);
INSERT INTO `t_specialty` VALUES (5, '计算机科学与技术', '这是计算机科学与技术哦', 1);
INSERT INTO `t_specialty` VALUES (6, '网络工程', '这是网络工程哦', 1);
INSERT INTO `t_specialty` VALUES (8, '数字媒体技术', '这是数字媒体技术哦', 1);
INSERT INTO `t_specialty` VALUES (9, '数据科学与大数据技术', '这是数据科学与大数据技术哦', 1);
INSERT INTO `t_specialty` VALUES (10, '人工智能', '这是人工智能哦', 1);
INSERT INTO `t_specialty` VALUES (11, '电子通信工程', '这是电子通信工程哦', 2);
INSERT INTO `t_specialty` VALUES (12, '通信工程', '这是通信工程哦', 2);
INSERT INTO `t_specialty` VALUES (13, '物联网工程', '这是物联网工程哦', 2);
INSERT INTO `t_specialty` VALUES (14, '机械设计制造及其自动化', '这是机械设计制造及其自动化哦', 2);
INSERT INTO `t_specialty` VALUES (15, '自动化', '这是自动化哦', 2);
INSERT INTO `t_specialty` VALUES (16, '电气工程及其自动化', '这是电气工程及其自动化哦', 2);
INSERT INTO `t_specialty` VALUES (17, '机器人工程', '这是机器人工程哦', 2);
INSERT INTO `t_specialty` VALUES (18, '土木工程', '这是土木工程哦', 3);
INSERT INTO `t_specialty` VALUES (19, '安全工程', '这是安全工程哦', 3);
INSERT INTO `t_specialty` VALUES (20, '工程管理', '这是工程管理哦', 3);
INSERT INTO `t_specialty` VALUES (21, '建筑学', '这是建筑学哦', 3);
INSERT INTO `t_specialty` VALUES (22, '风景园林', '这是风景园林哦', 3);
INSERT INTO `t_specialty` VALUES (23, '测绘工程', '这是测绘工程哦', 3);
INSERT INTO `t_specialty` VALUES (24, '药学', '这是药学哦', 4);
INSERT INTO `t_specialty` VALUES (25, '制药工程', '这是制药工程哦', 4);
INSERT INTO `t_specialty` VALUES (26, '药物制剂', '这是药物制剂哦', 4);
INSERT INTO `t_specialty` VALUES (27, '健康服务与管理', '这是健康服务与管理哦', 4);
INSERT INTO `t_specialty` VALUES (28, '财务管理', '这是财务管理哦', 5);
INSERT INTO `t_specialty` VALUES (29, '会计学', '这是会计学哦', 5);
INSERT INTO `t_specialty` VALUES (30, '经济与金融', '这是经济与金融哦', 5);
INSERT INTO `t_specialty` VALUES (31, '审计学', '这是审计学哦', 5);
INSERT INTO `t_specialty` VALUES (32, '金融科技', '这是金融科技哦', 5);
INSERT INTO `t_specialty` VALUES (33, '国际经济与贸易', '这是国际经济与贸易哦', 6);
INSERT INTO `t_specialty` VALUES (34, '人力资源管理', '这是人力资源管理哦', 6);
INSERT INTO `t_specialty` VALUES (35, '物流管理', '这是物流管理哦', 6);
INSERT INTO `t_specialty` VALUES (36, '电子商务', '这是电子商务哦', 6);
INSERT INTO `t_specialty` VALUES (37, '大数据管理与应用', '这是大数据管理与应用哦', 6);
INSERT INTO `t_specialty` VALUES (38, '数字经济', '这是数字经济哦', 6);
INSERT INTO `t_specialty` VALUES (39, '视觉传达设计', '这是视觉传达设计哦', 7);
INSERT INTO `t_specialty` VALUES (40, '环境设计', '这是环境设计哦', 7);
INSERT INTO `t_specialty` VALUES (41, '动画', '这是动画哦', 7);
INSERT INTO `t_specialty` VALUES (42, '美术学', '这是美术学哦', 7);
INSERT INTO `t_specialty` VALUES (43, '汉语言文学', '这是汉语言文学哦', 8);
INSERT INTO `t_specialty` VALUES (44, '新闻学', '这是新闻学哦', 8);
INSERT INTO `t_specialty` VALUES (45, '广告学', '这是广告学哦', 8);
INSERT INTO `t_specialty` VALUES (46, '广播电视编导', '这是广播电视编导哦', 8);
INSERT INTO `t_specialty` VALUES (47, '表演', '这是表演哦', 8);
INSERT INTO `t_specialty` VALUES (48, '学前教育', '这是学前教育哦', 8);
INSERT INTO `t_specialty` VALUES (49, '小学教育', '这是小学教育哦', 8);
INSERT INTO `t_specialty` VALUES (50, '英语', '这是英语哦', 9);
INSERT INTO `t_specialty` VALUES (51, '商务英语', '这是商务英语哦', 9);
INSERT INTO `t_specialty` VALUES (52, '日语', '这是日语哦哈哈哈嘿嘿', 9);

-- ----------------------------
-- Table structure for t_store
-- ----------------------------
DROP TABLE IF EXISTS `t_store`;
CREATE TABLE `t_store`  (
  `id` int UNSIGNED NOT NULL AUTO_INCREMENT COMMENT 'PK',
  `name` varchar(255) CHARACTER SET utf8mb4 COLLATE utf8mb4_general_ci NOT NULL COMMENT '名称',
  `address` varchar(255) CHARACTER SET utf8mb4 COLLATE utf8mb4_general_ci NOT NULL COMMENT '地址',
  `area` int UNSIGNED NOT NULL COMMENT 'FK所属区域ID',
  `description` varchar(255) CHARACTER SET utf8mb4 COLLATE utf8mb4_general_ci NULL DEFAULT NULL COMMENT '描述',
  `manager` varchar(255) CHARACTER SET utf8mb4 COLLATE utf8mb4_general_ci NULL DEFAULT NULL COMMENT '管理者',
  `phone` char(11) CHARACTER SET utf8mb4 COLLATE utf8mb4_general_ci NULL DEFAULT NULL COMMENT '联系电话',
  PRIMARY KEY (`id`) USING BTREE,
  INDEX `FK_store_REF_area`(`area` ASC) USING BTREE,
  CONSTRAINT `FK_store_REF_area` FOREIGN KEY (`area`) REFERENCES `t_area` (`id`) ON DELETE RESTRICT ON UPDATE RESTRICT
) ENGINE = InnoDB AUTO_INCREMENT = 5 CHARACTER SET = utf8mb4 COLLATE = utf8mb4_general_ci COMMENT = '商户表' ROW_FORMAT = Dynamic;

-- ----------------------------
-- Records of t_store
-- ----------------------------
INSERT INTO `t_store` VALUES (1, '食汇客', '三期一楼', 3, '食汇客餐饮', '大老板', '18888888888');
INSERT INTO `t_store` VALUES (2, '筷筷香', '三期二楼', 3, '筷筷香餐饮', '大老板', '18888888888');
INSERT INTO `t_store` VALUES (3, '中快', '一期一楼', 1, '中快', '大老板', '18888888888');
INSERT INTO `t_store` VALUES (4, '妈妈的味道', '一期右侧二楼', 1, '妈妈的味道', '大老板', '18888888888');

-- ----------------------------
-- Table structure for t_user
-- ----------------------------
DROP TABLE IF EXISTS `t_user`;
CREATE TABLE `t_user`  (
  `id` char(10) CHARACTER SET utf8mb4 COLLATE utf8mb4_general_ci NOT NULL COMMENT 'PK',
  `name` varchar(255) CHARACTER SET utf8mb4 COLLATE utf8mb4_general_ci NOT NULL COMMENT '姓名',
  `clazz` varchar(255) CHARACTER SET utf8mb4 COLLATE utf8mb4_general_ci NULL DEFAULT NULL COMMENT '班级',
  `specialized` varchar(255) CHARACTER SET utf8mb4 COLLATE utf8mb4_general_ci NULL DEFAULT NULL COMMENT '专业',
  `faculty` varchar(255) CHARACTER SET utf8mb4 COLLATE utf8mb4_general_ci NULL DEFAULT NULL COMMENT '学院',
  `password` varchar(255) CHARACTER SET utf8mb4 COLLATE utf8mb4_general_ci NOT NULL COMMENT '密码',
  `idCard` char(18) CHARACTER SET utf8mb4 COLLATE utf8mb4_general_ci NOT NULL COMMENT '身份证号',
  `unsubscribe` tinyint UNSIGNED NOT NULL DEFAULT 0 COMMENT '注销',
  `email` varchar(32) CHARACTER SET utf8mb4 COLLATE utf8mb4_general_ci NULL DEFAULT NULL COMMENT '邮件地址',
  `gitee_uid` varchar(10) CHARACTER SET utf8mb4 COLLATE utf8mb4_general_ci NULL DEFAULT NULL COMMENT 'gitee认证UID',
  `dingtalk_uid` varchar(32) CHARACTER SET utf8mb4 COLLATE utf8mb4_general_ci NULL DEFAULT NULL COMMENT '钉钉认证UID',
  PRIMARY KEY (`id`) USING BTREE,
  UNIQUE INDEX `t_user_idCard_uindex`(`idCard` ASC) USING BTREE,
  UNIQUE INDEX `t_user_mail_un`(`email` ASC) USING BTREE,
  UNIQUE INDEX `t_user_gitee_uid`(`gitee_uid` ASC) USING BTREE
) ENGINE = InnoDB CHARACTER SET = utf8mb4 COLLATE = utf8mb4_general_ci COMMENT = '用户表' ROW_FORMAT = Dynamic;

-- ----------------------------
-- Records of t_user
-- ----------------------------
INSERT INTO `t_user` VALUES ('1', 'hhhhhhh', '1', '1', '1', '1', '341227200010102020', 0, NULL, NULL, 'VH7YIdCguTarxQ70SIeeGAiEiE');
INSERT INTO `t_user` VALUES ('1432101149', '芒果小洛2', '1', '1', '1', '1', '341221200010102020', 0, NULL, NULL, NULL);
INSERT INTO `t_user` VALUES ('1632101188', '芒果小洛88', '1', '1', '1', '102020', '341225201010102020', 0, NULL, NULL, NULL);
INSERT INTO `t_user` VALUES ('1772101149', '芒果小洛2', '1', '1', '1', '102020', '341725200010102020', 0, NULL, NULL, NULL);
INSERT INTO `t_user` VALUES ('1932101111', '芒果小洛11', '1', '1', '1', '1', '341225200010102025', 0, NULL, NULL, NULL);
INSERT INTO `t_user` VALUES ('1932101122', '芒果小洛22', '1', '1', '1', '1', '341225200010102033', 0, NULL, NULL, NULL);
INSERT INTO `t_user` VALUES ('1932101133', '芒果小洛2', '1', '1', '1', '1', '341225200010102220', 0, NULL, NULL, NULL);
INSERT INTO `t_user` VALUES ('1932101141', '芒果小洛41', '1', '1', '1', '1', '341222222222222128', 0, 'qkmango2@qq.com', NULL, NULL);
INSERT INTO `t_user` VALUES ('1932101143', '芒果小洛43', '2', '1', '1', '1', '341225200010111111', 0, NULL, NULL, NULL);
INSERT INTO `t_user` VALUES ('1932101144', 'qkmango', '2', '1', '1', '1', '341225200011222223', 0, NULL, NULL, NULL);
INSERT INTO `t_user` VALUES ('1932101149', '芒果小洛', '2', '1', '1', '1', '341225200011222222', 0, 'qkmango@qq.com', NULL, NULL);
INSERT INTO `t_user` VALUES ('1932121149', '芒果小洛2', '2', '1', '1', '1', '341225200012102020', 0, NULL, NULL, NULL);
INSERT INTO `t_user` VALUES ('1932171149', '芒果小洛2', '1', '1', '1', '020201', '341225200010020201', 0, NULL, NULL, NULL);
INSERT INTO `t_user` VALUES ('1932401149', '芒果小洛2', '1', '1', '1', '102020', '341225200410102020', 0, NULL, NULL, NULL);
INSERT INTO `t_user` VALUES ('1933101149', '芒果小洛2', '1', '1', '1', '102020', '341225230010102020', 0, NULL, NULL, NULL);
INSERT INTO `t_user` VALUES ('1936101149', '芒果小洛2', '1', '1', '1', '102020', '346225200010102020', 0, NULL, NULL, NULL);

SET FOREIGN_KEY_CHECKS = 1;
